USE mysqlproject ;
INSERT INTO `bus_id` (`BUS_ID`, `SERVICE_PROVIDER`) VALUES ('1101', 'ZINGBUS BASIC');
INSERT INTO `bus_id` (`BUS_ID`, `SERVICE_PROVIDER`) VALUES ('1102', 'LAXMI HOLIDAYS');
INSERT INTO `bus_id` (`BUS_ID`, `SERVICE_PROVIDER`) VALUES ('1103', 'ZINGBUS');
INSERT INTO `bus_id` (`BUS_ID`, `SERVICE_PROVIDER`) VALUES ('1104', 'INTRCITY SMARTBUS');
INSERT INTO `bus_id` (`BUS_ID`, `SERVICE_PROVIDER`) VALUES ('2101', 'SEABIRD TOURIST');
INSERT INTO `bus_id` (`BUS_ID`, `SERVICE_PROVIDER`) VALUES ('2102', 'NATIONAL TRAVELS');
INSERT INTO `bus_id` (`BUS_ID`, `SERVICE_PROVIDER`) VALUES ('2103', 'GREEN LINE TRAVELS');
INSERT INTO `bus_id` (`BUS_ID`, `SERVICE_PROVIDER`) VALUES ('2104', 'ORANGE TOURS AND TRAVELS');
INSERT INTO `bus_id` (`BUS_ID`, `SERVICE_PROVIDER`) VALUES ('3101', 'VRL TRAVELS');
INSERT INTO `bus_id` (`BUS_ID`, `SERVICE_PROVIDER`) VALUES ('3102', 'NEETA TRAVELS');
INSERT INTO `bus_id` (`BUS_ID`, `SERVICE_PROVIDER`) VALUES ('3103', 'PRASANNA PURPLE');
INSERT INTO `bus_id` (`BUS_ID`, `SERVICE_PROVIDER`) VALUES ('3104', 'SANJAY TRAVELS');
INSERT INTO `bus_id` (`BUS_ID`, `SERVICE_PROVIDER`) VALUES ('3105', 'MUMBAI EXPRESS');
INSERT INTO `bus_id` (`BUS_ID`, `SERVICE_PROVIDER`) VALUES ('3106', 'RAJDHANI TRAVELS');
INSERT INTO `bus_id` (`BUS_ID`, `SERVICE_PROVIDER`) VALUES ('3107', 'GUJRAT TRAVELS');
INSERT INTO `bus_id` (`BUS_ID`, `SERVICE_PROVIDER`) VALUES ('3108', 'RAJAT TRAVELS');
INSERT INTO `bus_id` (`BUS_ID`, `SERVICE_PROVIDER`) VALUES ('3109', 'RAJ TRAVELS');
INSERT INTO `bus_id` (`BUS_ID`, `SERVICE_PROVIDER`) VALUES ('3110', 'HANS TRAVELS');
INSERT INTO `bus_id` (`BUS_ID`, `SERVICE_PROVIDER`) VALUES ('3111', 'VERMA TRAVELS');
INSERT INTO `bus_id` (`BUS_ID`, `SERVICE_PROVIDER`) VALUES ('3112', 'RAJRATAN TRAVELS');
INSERT INTO `bus_id` (`BUS_ID`, `SERVICE_PROVIDER`) VALUES ('3113', 'PAULO TRAVELS');

USE MYSQLPROJECT; 
INSERT INTO `bus_ratings` (`BUS_ID`, `SERVICE_PROVIDER`, `SEAT_TYPE`, `RATING`) VALUES ('1101', 'ZINGBUS BASIC', 'SLEEPER', '4.6');
INSERT INTO `bus_ratings` (`BUS_ID`, `SERVICE_PROVIDER`, `SEAT_TYPE`, `RATING`) VALUES ('1102', 'LAXMI HOLIDAYS', 'SLEEPER', '4.4');
INSERT INTO `bus_ratings` (`BUS_ID`, `SERVICE_PROVIDER`, `SEAT_TYPE`, `RATING`) VALUES ('1103', 'ZINGBUS', 'SLEEPER', '4.4');
INSERT INTO `bus_ratings` (`BUS_ID`, `SERVICE_PROVIDER`, `SEAT_TYPE`, `RATING`) VALUES ('1103', 'ZINGBUS', 'SEATER', '4.4');
INSERT INTO `bus_ratings` (`BUS_ID`, `SERVICE_PROVIDER`, `SEAT_TYPE`, `RATING`) VALUES ('1104', 'INTRCITY SMARTBUS', 'SLEEPER', '4.3');
INSERT INTO `bus_ratings` (`BUS_ID`, `SERVICE_PROVIDER`, `SEAT_TYPE`, `RATING`) VALUES ('1104', 'INTRCITY SMARTBUS', 'SEATER', '4.2');
INSERT INTO `bus_ratings` (`BUS_ID`, `SERVICE_PROVIDER`, `SEAT_TYPE`, `RATING`) VALUES ('1101', 'ZINGBUS BASIC', 'SEATER', '4.2');
INSERT INTO `bus_ratings` (`BUS_ID`, `SERVICE_PROVIDER`, `SEAT_TYPE`, `RATING`) VALUES ('1104', 'INTRCITY SMARTBUS', 'SLEEPER', '4.2');
INSERT INTO `bus_ratings` (`BUS_ID`, `SERVICE_PROVIDER`, `SEAT_TYPE`, `RATING`) VALUES ('1104', 'INTRCITY SMARTBUS', 'SEATER', '4.1');
INSERT INTO `bus_ratings` (`BUS_ID`, `SERVICE_PROVIDER`, `SEAT_TYPE`, `RATING`) VALUES ('1103', 'ZINGBUS', 'SEATER', '4');
INSERT INTO `bus_ratings` (`BUS_ID`, `SERVICE_PROVIDER`, `SEAT_TYPE`, `RATING`) VALUES ('1104', 'INTRCITY SMARTBUS', 'SEATER', '4.3');
INSERT INTO `bus_ratings` (`BUS_ID`, `SERVICE_PROVIDER`, `SEAT_TYPE`, `RATING`) VALUES ('1102', 'LAXMI HOLIDAYS', 'SLEEPER', '4.7');
INSERT INTO `bus_ratings` (`BUS_ID`, `SERVICE_PROVIDER`, `SEAT_TYPE`, `RATING`) VALUES ('1104', 'INTRCITY SMARTBUS', 'SLEEPER', '4.6');
INSERT INTO `bus_ratings` (`BUS_ID`, `SERVICE_PROVIDER`, `SEAT_TYPE`, `RATING`) VALUES ('1101', 'ZINGBUS BASIC', 'SLEEPER', '4.2');
INSERT INTO `bus_ratings` (`BUS_ID`, `SERVICE_PROVIDER`, `SEAT_TYPE`, `RATING`) VALUES ('1103', 'ZINGBUS', 'SEATER', '3.7');
INSERT INTO `bus_ratings` (`BUS_ID`, `SERVICE_PROVIDER`, `SEAT_TYPE`, `RATING`) VALUES ('1102', 'LAXMI HOLIDAYS', 'SEATER', '4');
INSERT INTO `bus_ratings` (`BUS_ID`, `SERVICE_PROVIDER`, `SEAT_TYPE`, `RATING`) VALUES ('1101', 'ZINGBUS BASIC', 'SEATER', '3.4');
INSERT INTO `bus_ratings` (`BUS_ID`, `SERVICE_PROVIDER`, `SEAT_TYPE`, `RATING`) VALUES ('1101', 'ZINGBUS BASIC', 'SEATER', '4.4');
INSERT INTO `bus_ratings` (`BUS_ID`, `SERVICE_PROVIDER`, `SEAT_TYPE`, `RATING`) VALUES ('1102', 'LAXMI HOLIDAYS', 'SEATER', '3.7');
INSERT INTO `bus_ratings` (`BUS_ID`, `SERVICE_PROVIDER`, `SEAT_TYPE`, `RATING`) VALUES ('1102', 'LAXMI HOLIDAYS', 'SLEEPER', '3.3');
INSERT INTO `bus_ratings` (`BUS_ID`, `SERVICE_PROVIDER`, `SEAT_TYPE`, `RATING`) VALUES ('1101', 'ZINGBUS BASIC', 'SLEEPER', '3.8');
INSERT INTO `bus_ratings` (`BUS_ID`, `SERVICE_PROVIDER`, `SEAT_TYPE`, `RATING`) VALUES ('1103', 'ZINGBUS', 'SLEEPER', '3.8');
INSERT INTO `bus_ratings` (`BUS_ID`, `SERVICE_PROVIDER`, `SEAT_TYPE`, `RATING`) VALUES ('1101', 'ZINGBUS BASIC', 'SEATER', '3.8');
INSERT INTO `bus_ratings` (`BUS_ID`, `SERVICE_PROVIDER`, `SEAT_TYPE`, `RATING`) VALUES ('1101', 'ZINGBUS BASIC', 'SEATER', '4.6');
INSERT INTO `bus_ratings` (`BUS_ID`, `SERVICE_PROVIDER`, `SEAT_TYPE`, `RATING`) VALUES ('1101', 'ZINGBUS BASIC', 'SLEEPER', '4.4');
INSERT INTO `bus_ratings` (`BUS_ID`, `SERVICE_PROVIDER`, `SEAT_TYPE`, `RATING`) VALUES ('1102', 'LAXMI HOLIDAYS', 'SLEEPER', '4');
INSERT INTO `bus_ratings` (`BUS_ID`, `SERVICE_PROVIDER`, `SEAT_TYPE`, `RATING`) VALUES ('1101', 'ZINGBUS BASIC', 'SEATER', '4.1');
INSERT INTO `bus_ratings` (`BUS_ID`, `SERVICE_PROVIDER`, `SEAT_TYPE`, `RATING`) VALUES ('1102', 'LAXMI HOLIDAYS', 'SEATER', '1.9');
INSERT INTO `bus_ratings` (`BUS_ID`, `SERVICE_PROVIDER`, `SEAT_TYPE`, `RATING`) VALUES ('1104', 'INTRCITY SMARTBUS', 'SLEEPER', '4.5');
INSERT INTO `bus_ratings` (`BUS_ID`, `SERVICE_PROVIDER`, `SEAT_TYPE`, `RATING`) VALUES ('2101', 'SEABIRD TOURIST', 'SEATER', '3.9');
INSERT INTO `bus_ratings` (`BUS_ID`, `SERVICE_PROVIDER`, `SEAT_TYPE`, `RATING`) VALUES ('2102', 'NATIONAL TRAVELS', 'SEATER', '3.8');
INSERT INTO `bus_ratings` (`BUS_ID`, `SERVICE_PROVIDER`, `SEAT_TYPE`, `RATING`) VALUES ('2103', 'GREEN LINE TRAVELS', 'SEATER', '3.9');
INSERT INTO `bus_ratings` (`BUS_ID`, `SERVICE_PROVIDER`, `SEAT_TYPE`, `RATING`) VALUES ('2104', 'ORANGE TOURS AND TRAVELS', 'SLEEPER', '3.7');
INSERT INTO `bus_ratings` (`BUS_ID`, `SERVICE_PROVIDER`, `SEAT_TYPE`, `RATING`) VALUES ('2102', 'NATIONAL TRAVELS', 'SLEEPER', '3.8');
INSERT INTO `bus_ratings` (`BUS_ID`, `SERVICE_PROVIDER`, `SEAT_TYPE`, `RATING`) VALUES ('2104', 'ORANGE TOURS AND TRAVELS', 'SLEEPER', '3.6');
INSERT INTO `bus_ratings` (`BUS_ID`, `SERVICE_PROVIDER`, `SEAT_TYPE`, `RATING`) VALUES ('2103', 'GREEN LINE TRAVELS', 'SLEEPER', '4.1');
INSERT INTO `bus_ratings` (`BUS_ID`, `SERVICE_PROVIDER`, `SEAT_TYPE`, `RATING`) VALUES ('2102', 'NATIONAL TRAVELS', 'SEATER', '4.3');
INSERT INTO `bus_ratings` (`BUS_ID`, `SERVICE_PROVIDER`, `SEAT_TYPE`, `RATING`) VALUES ('2104', 'ORANGE TOURS AND TRAVELS', 'SEATER', '3.8');
INSERT INTO `bus_ratings` (`BUS_ID`, `SERVICE_PROVIDER`, `SEAT_TYPE`, `RATING`) VALUES ('2102', 'NATIONAL TRAVELS', 'SEATER', '3.4');
INSERT INTO `bus_ratings` (`BUS_ID`, `SERVICE_PROVIDER`, `SEAT_TYPE`, `RATING`) VALUES ('2104', 'ORANGE TOURS AND TRAVELS', 'SLEEPER', '3.4');
INSERT INTO `bus_ratings` (`BUS_ID`, `SERVICE_PROVIDER`, `SEAT_TYPE`, `RATING`) VALUES ('2102', 'NATIONAL TRAVELS', 'SLEEPER', '3.6');
INSERT INTO `bus_ratings` (`BUS_ID`, `SERVICE_PROVIDER`, `SEAT_TYPE`, `RATING`) VALUES ('1104', 'INTRCITY SMARTBUS', 'SLEEPER', '4.4');
INSERT INTO `bus_ratings` (`BUS_ID`, `SERVICE_PROVIDER`, `SEAT_TYPE`, `RATING`) VALUES ('2104', 'ORANGE TOURS AND TRAVELS', 'SLEEPER', '3.3');
INSERT INTO `bus_ratings` (`BUS_ID`, `SERVICE_PROVIDER`, `SEAT_TYPE`, `RATING`) VALUES ('2104', 'ORANGE TOURS AND TRAVELS', 'SLEEPER', '3.9');
INSERT INTO `bus_ratings` (`BUS_ID`, `SERVICE_PROVIDER`, `SEAT_TYPE`, `RATING`) VALUES ('2104', 'ORANGE TOURS AND TRAVELS', 'SLEEPER', '3');
INSERT INTO `bus_ratings` (`BUS_ID`, `SERVICE_PROVIDER`, `SEAT_TYPE`, `RATING`) VALUES ('2104', 'ORANGE TOURS AND TRAVELS', 'SLEEPER', '2.8');
INSERT INTO `bus_ratings` (`BUS_ID`, `SERVICE_PROVIDER`, `SEAT_TYPE`, `RATING`) VALUES ('2102', 'NATIONAL TRAVELS', 'SLEEPER', '4.2');
INSERT INTO `bus_ratings` (`BUS_ID`, `SERVICE_PROVIDER`, `SEAT_TYPE`, `RATING`) VALUES ('2104', 'ORANGE TOURS AND TRAVELS', 'SLEEPER', '4.1');
INSERT INTO `bus_ratings` (`BUS_ID`, `SERVICE_PROVIDER`, `SEAT_TYPE`, `RATING`) VALUES ('1104', 'INTRCITY SMARTBUS', 'SLEEPER', '4');
INSERT INTO `bus_ratings` (`BUS_ID`, `SERVICE_PROVIDER`, `SEAT_TYPE`, `RATING`) VALUES ('2102', 'NATIONAL TRAVELS', 'SEATER', '3.3');
INSERT INTO `bus_ratings` (`BUS_ID`, `SERVICE_PROVIDER`, `SEAT_TYPE`, `RATING`) VALUES ('2103', 'GREEN LINE TRAVELS', 'SLEEPER', '3.9');
INSERT INTO `bus_ratings` (`BUS_ID`, `SERVICE_PROVIDER`, `SEAT_TYPE`, `RATING`) VALUES ('2104', 'ORANGE TOURS AND TRAVELS', 'SLEEPER', '3.2');
INSERT INTO `bus_ratings` (`BUS_ID`, `SERVICE_PROVIDER`, `SEAT_TYPE`, `RATING`) VALUES ('3101', 'VRL TRAVELS', 'SEATER', '4.7');
INSERT INTO `bus_ratings` (`BUS_ID`, `SERVICE_PROVIDER`, `SEAT_TYPE`, `RATING`) VALUES ('1104', 'INTRCITY SMARTBUS', 'SLEEPER', '4.7');
INSERT INTO `bus_ratings` (`BUS_ID`, `SERVICE_PROVIDER`, `SEAT_TYPE`, `RATING`) VALUES ('3102', 'NEETA TRAVELS', 'SEATER', '4');
INSERT INTO `bus_ratings` (`BUS_ID`, `SERVICE_PROVIDER`, `SEAT_TYPE`, `RATING`) VALUES ('3103', 'PRASANNA PURPLE', 'SLEEPER', '3.6');
INSERT INTO `bus_ratings` (`BUS_ID`, `SERVICE_PROVIDER`, `SEAT_TYPE`, `RATING`) VALUES ('3104', 'SANJAY TRAVELS', 'SLEEPER', '4.9');
INSERT INTO `bus_ratings` (`BUS_ID`, `SERVICE_PROVIDER`, `SEAT_TYPE`, `RATING`) VALUES ('3103', 'PRASANNA PURPLE', 'SLEEPER', '3.8');
INSERT INTO `bus_ratings` (`BUS_ID`, `SERVICE_PROVIDER`, `SEAT_TYPE`, `RATING`) VALUES ('3101', 'VRL TRAVELS', 'SLEEPER', '3.7');
INSERT INTO `bus_ratings` (`BUS_ID`, `SERVICE_PROVIDER`, `SEAT_TYPE`, `RATING`) VALUES ('1104', 'INTRCITY SMARTBUS', 'SLEEPER', '2.8');
INSERT INTO `bus_ratings` (`BUS_ID`, `SERVICE_PROVIDER`, `SEAT_TYPE`, `RATING`) VALUES ('3105', 'MUMBAI EXPRESS', 'SEATER', '4.5');
INSERT INTO `bus_ratings` (`BUS_ID`, `SERVICE_PROVIDER`, `SEAT_TYPE`, `RATING`) VALUES ('3106', 'RAJDHANI TRAVELS', 'SLEEPER', '3.9');
INSERT INTO `bus_ratings` (`BUS_ID`, `SERVICE_PROVIDER`, `SEAT_TYPE`, `RATING`) VALUES ('3107', 'GUJRAT TRAVELS', 'SLEEPER', '3.3');
INSERT INTO `bus_ratings` (`BUS_ID`, `SERVICE_PROVIDER`, `SEAT_TYPE`, `RATING`) VALUES ('3108', 'RAJAT TRAVELS', 'SLEEPER', '3');
INSERT INTO `bus_ratings` (`BUS_ID`, `SERVICE_PROVIDER`, `SEAT_TYPE`, `RATING`) VALUES ('3109', 'RAJ TRAVELS', 'SLEEPER', '2.6');
INSERT INTO `bus_ratings` (`BUS_ID`, `SERVICE_PROVIDER`, `SEAT_TYPE`, `RATING`) VALUES ('3110', 'HANS TRAVELS', 'SEATER', '2.8');
INSERT INTO `bus_ratings` (`BUS_ID`, `SERVICE_PROVIDER`, `SEAT_TYPE`, `RATING`) VALUES ('3111', 'VERMA TRAVELS', 'SEATER', '3.3');
INSERT INTO `bus_ratings` (`BUS_ID`, `SERVICE_PROVIDER`, `SEAT_TYPE`, `RATING`) VALUES ('3112', 'RAJRATAN TRAVELS', 'SLEEPER', '3.4');
INSERT INTO `bus_ratings` (`BUS_ID`, `SERVICE_PROVIDER`, `SEAT_TYPE`, `RATING`) VALUES ('3104', 'SANJAY TRAVELS', 'SLEEPER', '3.2');
INSERT INTO `bus_ratings` (`BUS_ID`, `SERVICE_PROVIDER`, `SEAT_TYPE`, `RATING`) VALUES ('3102', 'NEETA TRAVELS', 'SEATER', '4.7');
INSERT INTO `bus_ratings` (`BUS_ID`, `SERVICE_PROVIDER`, `SEAT_TYPE`, `RATING`) VALUES ('3103', 'PRASANNA PURPLE', 'SEATER', '3.6');
INSERT INTO `bus_ratings` (`BUS_ID`, `SERVICE_PROVIDER`, `SEAT_TYPE`, `RATING`) VALUES ('3101', 'VRL TRAVELS', 'SLEEPER', '4.2');
INSERT INTO `bus_ratings` (`BUS_ID`, `SERVICE_PROVIDER`, `SEAT_TYPE`, `RATING`) VALUES ('3103', 'PRASANNA PURPLE', 'SLEEPER', '3.1');
INSERT INTO `bus_ratings` (`BUS_ID`, `SERVICE_PROVIDER`, `SEAT_TYPE`, `RATING`) VALUES ('1104', 'INTRCITY SMARTBUS', 'SLEEPER', '4.1');
INSERT INTO `bus_ratings` (`BUS_ID`, `SERVICE_PROVIDER`, `SEAT_TYPE`, `RATING`) VALUES ('3107', 'GUJRAT TRAVELS', 'SLEEPER', '3.7');
INSERT INTO `bus_ratings` (`BUS_ID`, `SERVICE_PROVIDER`, `SEAT_TYPE`, `RATING`) VALUES ('3102', 'NEETA TRAVELS', 'SEATER', '2.8');
INSERT INTO `bus_ratings` (`BUS_ID`, `SERVICE_PROVIDER`, `SEAT_TYPE`, `RATING`) VALUES ('1104', 'INTRCITY SMARTBUS', 'SLEEPER', '3.8');
INSERT INTO `bus_ratings` (`BUS_ID`, `SERVICE_PROVIDER`, `SEAT_TYPE`, `RATING`) VALUES ('3112', 'RAJRATAN TRAVELS', 'SLEEPER', '3.8');
INSERT INTO `bus_ratings` (`BUS_ID`, `SERVICE_PROVIDER`, `SEAT_TYPE`, `RATING`) VALUES ('3111', 'VERMA TRAVELS', 'SLEEPER', '2.4');
INSERT INTO `bus_ratings` (`BUS_ID`, `SERVICE_PROVIDER`, `SEAT_TYPE`, `RATING`) VALUES ('3110', 'HANS TRAVELS', 'SEATER', '1.9');
INSERT INTO `bus_ratings` (`BUS_ID`, `SERVICE_PROVIDER`, `SEAT_TYPE`, `RATING`) VALUES ('3101', 'VRL TRAVELS', 'SLEEPER', '3.1');
INSERT INTO `bus_ratings` (`BUS_ID`, `SERVICE_PROVIDER`, `SEAT_TYPE`, `RATING`) VALUES ('2102', 'NATIONAL TRAVELS', 'SLEEPER', '3.9');
INSERT INTO `bus_ratings` (`BUS_ID`, `SERVICE_PROVIDER`, `SEAT_TYPE`, `RATING`) VALUES ('3103', 'PRASANNA PURPLE', 'SLEEPER', '4');
INSERT INTO `bus_ratings` (`BUS_ID`, `SERVICE_PROVIDER`, `SEAT_TYPE`, `RATING`) VALUES ('3101', 'VRL TRAVELS', 'SLEEPER', '4.1');
INSERT INTO `bus_ratings` (`BUS_ID`, `SERVICE_PROVIDER`, `SEAT_TYPE`, `RATING`) VALUES ('3113', 'PAULO TRAVELS', 'SLEEPER', '2.3');
INSERT INTO `bus_ratings` (`BUS_ID`, `SERVICE_PROVIDER`, `SEAT_TYPE`, `RATING`) VALUES ('3107', 'GUJRAT TRAVELS', 'SLEEPER', '4.6');
INSERT INTO `bus_ratings` (`BUS_ID`, `SERVICE_PROVIDER`, `SEAT_TYPE`, `RATING`) VALUES ('3106', 'RAJDHANI TRAVELS', 'SEATER', '3.7');
INSERT INTO `bus_ratings` (`BUS_ID`, `SERVICE_PROVIDER`, `SEAT_TYPE`, `RATING`) VALUES ('3107', 'GUJRAT TRAVELS', 'SLEEPER', '4.1');
INSERT INTO `bus_ratings` (`BUS_ID`, `SERVICE_PROVIDER`, `SEAT_TYPE`, `RATING`) VALUES ('3102', 'NEETA TRAVELS', 'SEATER', '2.7');
INSERT INTO `bus_ratings` (`BUS_ID`, `SERVICE_PROVIDER`, `SEAT_TYPE`, `RATING`) VALUES ('3113', 'PAULO TRAVELS', 'SLEEPER', '2.7');
INSERT INTO `bus_ratings` (`BUS_ID`, `SERVICE_PROVIDER`, `SEAT_TYPE`, `RATING`) VALUES ('3101', 'VRL TRAVELS', 'SLEEPER', '2');
INSERT INTO `bus_ratings` (`BUS_ID`, `SERVICE_PROVIDER`, `SEAT_TYPE`, `RATING`) VALUES ('3107', 'GUJRAT TRAVELS', 'SLEEPER', '4.3');
INSERT INTO `bus_ratings` (`BUS_ID`, `SERVICE_PROVIDER`, `SEAT_TYPE`, `RATING`) VALUES ('3111', 'VERMA TRAVELS', 'SEATER', '3.1');
INSERT INTO `bus_ratings` (`BUS_ID`, `SERVICE_PROVIDER`, `SEAT_TYPE`, `RATING`) VALUES ('1101', 'ZINGBUS BASIC', 'SLEEPER', '4.3');
INSERT INTO `bus_ratings` (`BUS_ID`, `SERVICE_PROVIDER`, `SEAT_TYPE`, `RATING`) VALUES ('3109', 'RAJ TRAVELS', 'SLEEPER', '3.4');
INSERT INTO `bus_ratings` (`BUS_ID`, `SERVICE_PROVIDER`, `SEAT_TYPE`, `RATING`) VALUES ('3110', 'HANS TRAVELS', 'SLEEPER', '2.8');
INSERT INTO `bus_ratings` (`BUS_ID`, `SERVICE_PROVIDER`, `SEAT_TYPE`, `RATING`) VALUES ('3107', 'GUJRAT TRAVELS', 'SLEEPER', '1.4');
INSERT INTO `bus_ratings` (`BUS_ID`, `SERVICE_PROVIDER`, `SEAT_TYPE`, `RATING`) VALUES ('3107', 'GUJRAT TRAVELS', 'SLEEPER', '2.9');
INSERT INTO `bus_ratings` (`BUS_ID`, `SERVICE_PROVIDER`, `SEAT_TYPE`, `RATING`) VALUES ('3109', 'RAJ TRAVELS', 'SEATER', '2.5');
INSERT INTO `bus_ratings` (`BUS_ID`, `SERVICE_PROVIDER`, `SEAT_TYPE`, `RATING`) VALUES ('3110', 'HANS TRAVELS', 'SEATER', '2.4');
INSERT INTO `bus_ratings` (`BUS_ID`, `SERVICE_PROVIDER`, `SEAT_TYPE`, `RATING`) VALUES ('3109', 'RAJ TRAVELS', 'SEATER', '2.6');
INSERT INTO `bus_ratings` (`BUS_ID`, `SERVICE_PROVIDER`, `SEAT_TYPE`, `RATING`) VALUES ('3111', 'VERMA TRAVELS', 'SLEEPER', '4.3');
INSERT INTO `bus_ratings` (`BUS_ID`, `SERVICE_PROVIDER`, `SEAT_TYPE`, `RATING`) VALUES ('3109', 'RAJ TRAVELS', 'SLEEPER', '4');
INSERT INTO `bus_ratings` (`BUS_ID`, `SERVICE_PROVIDER`, `SEAT_TYPE`, `RATING`) VALUES ('3110', 'HANS TRAVELS', 'SLEEPER', '2.6');
INSERT INTO `bus_ratings` (`BUS_ID`, `SERVICE_PROVIDER`, `SEAT_TYPE`, `RATING`) VALUES ('3109', 'RAJ TRAVELS', 'SLEEPER', '4.4');
INSERT INTO `bus_ratings` (`BUS_ID`, `SERVICE_PROVIDER`, `SEAT_TYPE`, `RATING`) VALUES ('3111', 'VERMA TRAVELS', 'SEATER', '3.2');
INSERT INTO `bus_ratings` (`BUS_ID`, `SERVICE_PROVIDER`, `SEAT_TYPE`, `RATING`) VALUES ('3110', 'HANS TRAVELS', 'SEATER', '2.3');
INSERT INTO `bus_ratings` (`BUS_ID`, `SERVICE_PROVIDER`, `SEAT_TYPE`, `RATING`) VALUES ('3111', 'VERMA TRAVELS', 'SEATER', '3');
INSERT INTO `bus_ratings` (`BUS_ID`, `SERVICE_PROVIDER`, `SEAT_TYPE`, `RATING`) VALUES ('1101', 'ZINGBUS BASIC', 'SEATER', '3.9');
INSERT INTO `bus_ratings` (`BUS_ID`, `SERVICE_PROVIDER`, `SEAT_TYPE`, `RATING`) VALUES ('3111', 'VERMA TRAVELS', 'SEATER', '2.9');

USE MYSQLPROJECT;
INSERT INTO `bus_arvl_time` (`BUS_ID`, `SERVICE_PROVIDER`, `BUS_DOWN_STATION`, `ARVL_TIME`) VALUES ('1101', 'ZINGBUS BASIC', 'NEW DELHI', '6:25:00');
INSERT INTO `bus_arvl_time` (`BUS_ID`, `SERVICE_PROVIDER`, `BUS_DOWN_STATION`, `ARVL_TIME`) VALUES ('1102', 'LAXMI HOLIDAYS', 'NEW DELHI', '5:30:00');
INSERT INTO `bus_arvl_time` (`BUS_ID`, `SERVICE_PROVIDER`, `BUS_DOWN_STATION`, `ARVL_TIME`) VALUES ('1103', 'ZINGBUS', 'NEW DELHI', '5:00:00');
INSERT INTO `bus_arvl_time` (`BUS_ID`, `SERVICE_PROVIDER`, `BUS_DOWN_STATION`, `ARVL_TIME`) VALUES ('1103', 'ZINGBUS', 'NEW DELHI', '5:45:00');
INSERT INTO `bus_arvl_time` (`BUS_ID`, `SERVICE_PROVIDER`, `BUS_DOWN_STATION`, `ARVL_TIME`) VALUES ('1103', 'ZINGBUS', 'NEW DELHI', '5:50:00');
INSERT INTO `bus_arvl_time` (`BUS_ID`, `SERVICE_PROVIDER`, `BUS_DOWN_STATION`, `ARVL_TIME`) VALUES ('1103', 'ZINGBUS', 'NEW DELHI', '19:40:00');
INSERT INTO `bus_arvl_time` (`BUS_ID`, `SERVICE_PROVIDER`, `BUS_DOWN_STATION`, `ARVL_TIME`) VALUES ('1104', 'INTRCITY SMARTBUS', 'NEW DELHI', '6:20:00');
INSERT INTO `bus_arvl_time` (`BUS_ID`, `SERVICE_PROVIDER`, `BUS_DOWN_STATION`, `ARVL_TIME`) VALUES ('1104', 'INTRCITY SMARTBUS', 'NEW DELHI', '4:55:00');
INSERT INTO `bus_arvl_time` (`BUS_ID`, `SERVICE_PROVIDER`, `BUS_DOWN_STATION`, `ARVL_TIME`) VALUES ('1101', 'ZINGBUS BASIC', 'NEW DELHI', '8:35:00');
INSERT INTO `bus_arvl_time` (`BUS_ID`, `SERVICE_PROVIDER`, `BUS_DOWN_STATION`, `ARVL_TIME`) VALUES ('1104', 'INTRCITY SMARTBUS', 'NEW DELHI', '5:50:00');
INSERT INTO `bus_arvl_time` (`BUS_ID`, `SERVICE_PROVIDER`, `BUS_DOWN_STATION`, `ARVL_TIME`) VALUES ('1104', 'INTRCITY SMARTBUS', 'NEW DELHI', '5:45:00');
INSERT INTO `bus_arvl_time` (`BUS_ID`, `SERVICE_PROVIDER`, `BUS_DOWN_STATION`, `ARVL_TIME`) VALUES ('1103', 'ZINGBUS', 'NEW DELHI', '22:25:00');
INSERT INTO `bus_arvl_time` (`BUS_ID`, `SERVICE_PROVIDER`, `BUS_DOWN_STATION`, `ARVL_TIME`) VALUES ('1104', 'INTRCITY SMARTBUS', 'NEW DELHI', '6:50:00');
INSERT INTO `bus_arvl_time` (`BUS_ID`, `SERVICE_PROVIDER`, `BUS_DOWN_STATION`, `ARVL_TIME`) VALUES ('1104', 'INTRCITY SMARTBUS', 'NEW DELHI', '5:55:00');
INSERT INTO `bus_arvl_time` (`BUS_ID`, `SERVICE_PROVIDER`, `BUS_DOWN_STATION`, `ARVL_TIME`) VALUES ('1102', 'LAXMI HOLIDAYS', 'AMRITSAR', '6:30:00');
INSERT INTO `bus_arvl_time` (`BUS_ID`, `SERVICE_PROVIDER`, `BUS_DOWN_STATION`, `ARVL_TIME`) VALUES ('1104', 'INTRCITY SMARTBUS', 'AMRITSAR', '7:55:00');
INSERT INTO `bus_arvl_time` (`BUS_ID`, `SERVICE_PROVIDER`, `BUS_DOWN_STATION`, `ARVL_TIME`) VALUES ('1101', 'ZINGBUS BASIC', 'AMRITSAR', '19:30:00');
INSERT INTO `bus_arvl_time` (`BUS_ID`, `SERVICE_PROVIDER`, `BUS_DOWN_STATION`, `ARVL_TIME`) VALUES ('1104', 'INTRCITY SMARTBUS', 'AGRA', '1:50:00');
INSERT INTO `bus_arvl_time` (`BUS_ID`, `SERVICE_PROVIDER`, `BUS_DOWN_STATION`, `ARVL_TIME`) VALUES ('1103', 'ZINGBUS', 'AGRA', '23:45:00');
INSERT INTO `bus_arvl_time` (`BUS_ID`, `SERVICE_PROVIDER`, `BUS_DOWN_STATION`, `ARVL_TIME`) VALUES ('1102', 'LAXMI HOLIDAYS', 'AGRA', '23:30:00');
INSERT INTO `bus_arvl_time` (`BUS_ID`, `SERVICE_PROVIDER`, `BUS_DOWN_STATION`, `ARVL_TIME`) VALUES ('1101', 'ZINGBUS BASIC', 'AGRA', '21:15:00');
INSERT INTO `bus_arvl_time` (`BUS_ID`, `SERVICE_PROVIDER`, `BUS_DOWN_STATION`, `ARVL_TIME`) VALUES ('1101', 'ZINGBUS BASIC', 'VARANASI', '10:55:00');
INSERT INTO `bus_arvl_time` (`BUS_ID`, `SERVICE_PROVIDER`, `BUS_DOWN_STATION`, `ARVL_TIME`) VALUES ('1102', 'LAXMI HOLIDAYS', 'VARANASI', '10:45:00');
INSERT INTO `bus_arvl_time` (`BUS_ID`, `SERVICE_PROVIDER`, `BUS_DOWN_STATION`, `ARVL_TIME`) VALUES ('1102', 'LAXMI HOLIDAYS', 'NEW DELHI', '7:45:00');
INSERT INTO `bus_arvl_time` (`BUS_ID`, `SERVICE_PROVIDER`, `BUS_DOWN_STATION`, `ARVL_TIME`) VALUES ('1101', 'ZINGBUS BASIC', 'NEW DELHI', '7:45:00');
INSERT INTO `bus_arvl_time` (`BUS_ID`, `SERVICE_PROVIDER`, `BUS_DOWN_STATION`, `ARVL_TIME`) VALUES ('1103', 'ZINGBUS', 'NEW DELHI', '8:05:00');
INSERT INTO `bus_arvl_time` (`BUS_ID`, `SERVICE_PROVIDER`, `BUS_DOWN_STATION`, `ARVL_TIME`) VALUES ('1101', 'ZINGBUS BASIC', 'VARANASI', '6:50:00');
INSERT INTO `bus_arvl_time` (`BUS_ID`, `SERVICE_PROVIDER`, `BUS_DOWN_STATION`, `ARVL_TIME`) VALUES ('1101', 'ZINGBUS BASIC', 'NEW DELHI', '9:30:00');
INSERT INTO `bus_arvl_time` (`BUS_ID`, `SERVICE_PROVIDER`, `BUS_DOWN_STATION`, `ARVL_TIME`) VALUES ('1101', 'ZINGBUS BASIC', 'AGRA', '6:20:00');
INSERT INTO `bus_arvl_time` (`BUS_ID`, `SERVICE_PROVIDER`, `BUS_DOWN_STATION`, `ARVL_TIME`) VALUES ('1101', 'ZINGBUS BASIC', 'AGRA', '4:35:00');
INSERT INTO `bus_arvl_time` (`BUS_ID`, `SERVICE_PROVIDER`, `BUS_DOWN_STATION`, `ARVL_TIME`) VALUES ('1102', 'LAXMI HOLIDAYS', 'AGRA', '5:00:00');
INSERT INTO `bus_arvl_time` (`BUS_ID`, `SERVICE_PROVIDER`, `BUS_DOWN_STATION`, `ARVL_TIME`) VALUES ('1104', 'INTRCITY SMARTBUS', 'BENGALURU', '5:15:00');
INSERT INTO `bus_arvl_time` (`BUS_ID`, `SERVICE_PROVIDER`, `BUS_DOWN_STATION`, `ARVL_TIME`) VALUES ('2101', 'SEABIRD TOURIST', 'BENGALURU', '22:35:00');
INSERT INTO `bus_arvl_time` (`BUS_ID`, `SERVICE_PROVIDER`, `BUS_DOWN_STATION`, `ARVL_TIME`) VALUES ('2102', 'NATIONAL TRAVELS', 'BENGALURU', '21:00:00');
INSERT INTO `bus_arvl_time` (`BUS_ID`, `SERVICE_PROVIDER`, `BUS_DOWN_STATION`, `ARVL_TIME`) VALUES ('2103', 'GREEN LINE TRAVELS', 'BENGALURU', '16:00:00');
INSERT INTO `bus_arvl_time` (`BUS_ID`, `SERVICE_PROVIDER`, `BUS_DOWN_STATION`, `ARVL_TIME`) VALUES ('1104', 'INTRCITY SMARTBUS', 'HYDERABAD', '6:20:00');
INSERT INTO `bus_arvl_time` (`BUS_ID`, `SERVICE_PROVIDER`, `BUS_DOWN_STATION`, `ARVL_TIME`) VALUES ('2104', 'ORANGE TOURS AND TRAVELS', 'HYDERABAD', '9:00:00');
INSERT INTO `bus_arvl_time` (`BUS_ID`, `SERVICE_PROVIDER`, `BUS_DOWN_STATION`, `ARVL_TIME`) VALUES ('1104', 'INTRCITY SMARTBUS', 'MADURAI', '5:55:00');
INSERT INTO `bus_arvl_time` (`BUS_ID`, `SERVICE_PROVIDER`, `BUS_DOWN_STATION`, `ARVL_TIME`) VALUES ('2102', 'NATIONAL TRAVELS', 'MADURAI', '6:45');
INSERT INTO `bus_arvl_time` (`BUS_ID`, `SERVICE_PROVIDER`, `BUS_DOWN_STATION`, `ARVL_TIME`) VALUES ('2104', 'ORANGE TOURS AND TRAVELS', 'MADURAI', '4:30');
INSERT INTO `bus_arvl_time` (`BUS_ID`, `SERVICE_PROVIDER`, `BUS_DOWN_STATION`, `ARVL_TIME`) VALUES ('2103', 'GREEN LINE TRAVELS', 'CHENNAI', '3:00');
INSERT INTO `bus_arvl_time` (`BUS_ID`, `SERVICE_PROVIDER`, `BUS_DOWN_STATION`, `ARVL_TIME`) VALUES ('2102', 'NATIONAL TRAVELS', 'CHENNAI', '21:00');
INSERT INTO `bus_arvl_time` (`BUS_ID`, `SERVICE_PROVIDER`, `BUS_DOWN_STATION`, `ARVL_TIME`) VALUES ('1104', 'INTRCITY SMARTBUS', 'HYDERABAD', '6:30');
INSERT INTO `bus_arvl_time` (`BUS_ID`, `SERVICE_PROVIDER`, `BUS_DOWN_STATION`, `ARVL_TIME`) VALUES ('2104', 'ORANGE TOURS AND TRAVELS', 'HYDERABAD', '7:30');
INSERT INTO `bus_arvl_time` (`BUS_ID`, `SERVICE_PROVIDER`, `BUS_DOWN_STATION`, `ARVL_TIME`) VALUES ('2102', 'NATIONAL TRAVELS', 'HYDERABAD', '7:30');
INSERT INTO `bus_arvl_time` (`BUS_ID`, `SERVICE_PROVIDER`, `BUS_DOWN_STATION`, `ARVL_TIME`) VALUES ('2104', 'ORANGE TOURS AND TRAVELS', 'MADURAI', '9:00');
INSERT INTO `bus_arvl_time` (`BUS_ID`, `SERVICE_PROVIDER`, `BUS_DOWN_STATION`, `ARVL_TIME`) VALUES ('2102', 'NATIONAL TRAVELS', 'MADURAI', '6:00');
INSERT INTO `bus_arvl_time` (`BUS_ID`, `SERVICE_PROVIDER`, `BUS_DOWN_STATION`, `ARVL_TIME`) VALUES ('1104', 'INTRCITY SMARTBUS', 'MADURAI', '7:20');
INSERT INTO `bus_arvl_time` (`BUS_ID`, `SERVICE_PROVIDER`, `BUS_DOWN_STATION`, `ARVL_TIME`) VALUES ('2104', 'ORANGE TOURS AND TRAVELS', 'CHENNAI', '7:30');
INSERT INTO `bus_arvl_time` (`BUS_ID`, `SERVICE_PROVIDER`, `BUS_DOWN_STATION`, `ARVL_TIME`) VALUES ('1104', 'INTRCITY SMARTBUS', 'CHENNAI', '8:30');
INSERT INTO `bus_arvl_time` (`BUS_ID`, `SERVICE_PROVIDER`, `BUS_DOWN_STATION`, `ARVL_TIME`) VALUES ('1104', 'INTRCITY SMARTBUS', 'BENGALURU', '7:20');
INSERT INTO `bus_arvl_time` (`BUS_ID`, `SERVICE_PROVIDER`, `BUS_DOWN_STATION`, `ARVL_TIME`) VALUES ('2104', 'ORANGE TOURS AND TRAVELS', 'BENGALURU', '3:25');
INSERT INTO `bus_arvl_time` (`BUS_ID`, `SERVICE_PROVIDER`, `BUS_DOWN_STATION`, `ARVL_TIME`) VALUES ('2103', 'GREEN LINE TRAVELS', 'BENGALURU', '7:55');
INSERT INTO `bus_arvl_time` (`BUS_ID`, `SERVICE_PROVIDER`, `BUS_DOWN_STATION`, `ARVL_TIME`) VALUES ('1104', 'INTRCITY SMARTBUS', 'CHENNAI', '5:45:00');
INSERT INTO `bus_arvl_time` (`BUS_ID`, `SERVICE_PROVIDER`, `BUS_DOWN_STATION`, `ARVL_TIME`) VALUES ('2102', 'NATIONAL TRAVELS', 'CHENNAI', '5:30');
INSERT INTO `bus_arvl_time` (`BUS_ID`, `SERVICE_PROVIDER`, `BUS_DOWN_STATION`, `ARVL_TIME`) VALUES ('2104', 'ORANGE TOURS AND TRAVELS', 'CHENNAI', '5:30');
INSERT INTO `bus_arvl_time` (`BUS_ID`, `SERVICE_PROVIDER`, `BUS_DOWN_STATION`, `ARVL_TIME`) VALUES ('1104', 'INTRCITY SMARTBUS', 'BENGALURU', '5:00');
INSERT INTO `bus_arvl_time` (`BUS_ID`, `SERVICE_PROVIDER`, `BUS_DOWN_STATION`, `ARVL_TIME`) VALUES ('2104', 'ORANGE TOURS AND TRAVELS', 'BENGALURU', '6:30');
INSERT INTO `bus_arvl_time` (`BUS_ID`, `SERVICE_PROVIDER`, `BUS_DOWN_STATION`, `ARVL_TIME`) VALUES ('2102', 'NATIONAL TRAVELS', 'BENGALURU', '6:25');
INSERT INTO `bus_arvl_time` (`BUS_ID`, `SERVICE_PROVIDER`, `BUS_DOWN_STATION`, `ARVL_TIME`) VALUES ('2103', 'GREEN LINE TRAVELS', 'BENGALURU', '6:05');
INSERT INTO `bus_arvl_time` (`BUS_ID`, `SERVICE_PROVIDER`, `BUS_DOWN_STATION`, `ARVL_TIME`) VALUES ('2104', 'ORANGE TOURS AND TRAVELS', 'HYDERABAD', '8:00');
INSERT INTO `bus_arvl_time` (`BUS_ID`, `SERVICE_PROVIDER`, `BUS_DOWN_STATION`, `ARVL_TIME`) VALUES ('3101', 'VRL TRAVELS', 'PUNE', '23:00');
INSERT INTO `bus_arvl_time` (`BUS_ID`, `SERVICE_PROVIDER`, `BUS_DOWN_STATION`, `ARVL_TIME`) VALUES ('1104', 'INTRCITY SMARTBUS', 'PUNE', '0:55');
INSERT INTO `bus_arvl_time` (`BUS_ID`, `SERVICE_PROVIDER`, `BUS_DOWN_STATION`, `ARVL_TIME`) VALUES ('3102', 'NEETA TRAVELS', 'PUNE', '10:15');
INSERT INTO `bus_arvl_time` (`BUS_ID`, `SERVICE_PROVIDER`, `BUS_DOWN_STATION`, `ARVL_TIME`) VALUES ('3103', 'PRASANNA PURPLE', 'PUNE', '22:45');
INSERT INTO `bus_arvl_time` (`BUS_ID`, `SERVICE_PROVIDER`, `BUS_DOWN_STATION`, `ARVL_TIME`) VALUES ('3104', 'SANJAY TRAVELS', 'PUNE', '2:25');
INSERT INTO `bus_arvl_time` (`BUS_ID`, `SERVICE_PROVIDER`, `BUS_DOWN_STATION`, `ARVL_TIME`) VALUES ('1104', 'INTRCITY SMARTBUS', 'GOA', '10:30');
INSERT INTO `bus_arvl_time` (`BUS_ID`, `SERVICE_PROVIDER`, `BUS_DOWN_STATION`, `ARVL_TIME`) VALUES ('1104', 'INTRCITY SMARTBUS', 'GOA', '9:30');
INSERT INTO `bus_arvl_time` (`BUS_ID`, `SERVICE_PROVIDER`, `BUS_DOWN_STATION`, `ARVL_TIME`) VALUES ('3103', 'PRASANNA PURPLE', 'GOA', '10:30');
INSERT INTO `bus_arvl_time` (`BUS_ID`, `SERVICE_PROVIDER`, `BUS_DOWN_STATION`, `ARVL_TIME`) VALUES ('3101', 'VRL TRAVELS', 'AHEMDABAD', '10:00');
INSERT INTO `bus_arvl_time` (`BUS_ID`, `SERVICE_PROVIDER`, `BUS_DOWN_STATION`, `ARVL_TIME`) VALUES ('1104', 'INTRCITY SMARTBUS', 'AHEMDABAD', '9:30');
INSERT INTO `bus_arvl_time` (`BUS_ID`, `SERVICE_PROVIDER`, `BUS_DOWN_STATION`, `ARVL_TIME`) VALUES ('3105', 'MUMBAI EXPRESS', 'AHEMDABAD', '3:30');
INSERT INTO `bus_arvl_time` (`BUS_ID`, `SERVICE_PROVIDER`, `BUS_DOWN_STATION`, `ARVL_TIME`) VALUES ('3106', 'RAJDHANI TRAVELS', 'AHEMDABAD', '4:30');
INSERT INTO `bus_arvl_time` (`BUS_ID`, `SERVICE_PROVIDER`, `BUS_DOWN_STATION`, `ARVL_TIME`) VALUES ('3107', 'GUJRAT TRAVELS', 'JAIPUR', '14:25');
INSERT INTO `bus_arvl_time` (`BUS_ID`, `SERVICE_PROVIDER`, `BUS_DOWN_STATION`, `ARVL_TIME`) VALUES ('3108', 'RAJAT TRAVELS', 'JAIPUR', '17:30');
INSERT INTO `bus_arvl_time` (`BUS_ID`, `SERVICE_PROVIDER`, `BUS_DOWN_STATION`, `ARVL_TIME`) VALUES ('3109', 'RAJ TRAVELS', 'JAIPUR', '17:00');
INSERT INTO `bus_arvl_time` (`BUS_ID`, `SERVICE_PROVIDER`, `BUS_DOWN_STATION`, `ARVL_TIME`) VALUES ('3110', 'HANS TRAVELS', 'BHOPAL', '9:15');
INSERT INTO `bus_arvl_time` (`BUS_ID`, `SERVICE_PROVIDER`, `BUS_DOWN_STATION`, `ARVL_TIME`) VALUES ('3111', 'VERMA TRAVELS', 'BHOPAL', '13:55');
INSERT INTO `bus_arvl_time` (`BUS_ID`, `SERVICE_PROVIDER`, `BUS_DOWN_STATION`, `ARVL_TIME`) VALUES ('3112', 'RAJRATAN TRAVELS', 'BHOPAL', '12:45');
INSERT INTO `bus_arvl_time` (`BUS_ID`, `SERVICE_PROVIDER`, `BUS_DOWN_STATION`, `ARVL_TIME`) VALUES ('3101', 'VRL TRAVELS', 'MUMBAI', '9:00');
INSERT INTO `bus_arvl_time` (`BUS_ID`, `SERVICE_PROVIDER`, `BUS_DOWN_STATION`, `ARVL_TIME`) VALUES ('3104', 'SANJAY TRAVELS', 'MUMBAI', '7:20');
INSERT INTO `bus_arvl_time` (`BUS_ID`, `SERVICE_PROVIDER`, `BUS_DOWN_STATION`, `ARVL_TIME`) VALUES ('3102', 'NEETA TRAVELS', 'MUMBAI', '15:30');
INSERT INTO `bus_arvl_time` (`BUS_ID`, `SERVICE_PROVIDER`, `BUS_DOWN_STATION`, `ARVL_TIME`) VALUES ('3103', 'PRASANNA PURPLE', 'MUMBAI', '12:30');
INSERT INTO `bus_arvl_time` (`BUS_ID`, `SERVICE_PROVIDER`, `BUS_DOWN_STATION`, `ARVL_TIME`) VALUES ('3101', 'VRL TRAVELS', 'GOA', '9:30');
INSERT INTO `bus_arvl_time` (`BUS_ID`, `SERVICE_PROVIDER`, `BUS_DOWN_STATION`, `ARVL_TIME`) VALUES ('3107', 'GUJRAT TRAVELS', 'AHEMDABAD', '6:30');
INSERT INTO `bus_arvl_time` (`BUS_ID`, `SERVICE_PROVIDER`, `BUS_DOWN_STATION`, `ARVL_TIME`) VALUES ('3102', 'NEETA TRAVELS', 'AHEMDABAD', '7:10');
INSERT INTO `bus_arvl_time` (`BUS_ID`, `SERVICE_PROVIDER`, `BUS_DOWN_STATION`, `ARVL_TIME`) VALUES ('3112', 'RAJRATAN TRAVELS', 'BHOPAL', '11:55');
INSERT INTO `bus_arvl_time` (`BUS_ID`, `SERVICE_PROVIDER`, `BUS_DOWN_STATION`, `ARVL_TIME`) VALUES ('3111', 'VERMA TRAVELS', 'BHOPAL', '10:10');
INSERT INTO `bus_arvl_time` (`BUS_ID`, `SERVICE_PROVIDER`, `BUS_DOWN_STATION`, `ARVL_TIME`) VALUES ('3110', 'HANS TRAVELS', 'BHOPAL', '14:01');
INSERT INTO `bus_arvl_time` (`BUS_ID`, `SERVICE_PROVIDER`, `BUS_DOWN_STATION`, `ARVL_TIME`) VALUES ('1104', 'INTRCITY SMARTBUS', 'MUMBAI', '10:30');
INSERT INTO `bus_arvl_time` (`BUS_ID`, `SERVICE_PROVIDER`, `BUS_DOWN_STATION`, `ARVL_TIME`) VALUES ('3101', 'VRL TRAVELS', 'MUMBAI', '10:00');
INSERT INTO `bus_arvl_time` (`BUS_ID`, `SERVICE_PROVIDER`, `BUS_DOWN_STATION`, `ARVL_TIME`) VALUES ('2102', 'NATIONAL TRAVELS', 'MUMBAI', '8:30');
INSERT INTO `bus_arvl_time` (`BUS_ID`, `SERVICE_PROVIDER`, `BUS_DOWN_STATION`, `ARVL_TIME`) VALUES ('1104', 'INTRCITY SMARTBUS', 'PUNE', '6:55');
INSERT INTO `bus_arvl_time` (`BUS_ID`, `SERVICE_PROVIDER`, `BUS_DOWN_STATION`, `ARVL_TIME`) VALUES ('3103', 'PRASANNA PURPLE', 'PUNE', '6:30');
INSERT INTO `bus_arvl_time` (`BUS_ID`, `SERVICE_PROVIDER`, `BUS_DOWN_STATION`, `ARVL_TIME`) VALUES ('2102', 'NATIONAL TRAVELS', 'PUNE', '6:30');
INSERT INTO `bus_arvl_time` (`BUS_ID`, `SERVICE_PROVIDER`, `BUS_DOWN_STATION`, `ARVL_TIME`) VALUES ('3101', 'VRL TRAVELS', 'PUNE', '5:30');
INSERT INTO `bus_arvl_time` (`BUS_ID`, `SERVICE_PROVIDER`, `BUS_DOWN_STATION`, `ARVL_TIME`) VALUES ('3113', 'PAULO TRAVELS', 'AHEMDABAD', '19:14');
INSERT INTO `bus_arvl_time` (`BUS_ID`, `SERVICE_PROVIDER`, `BUS_DOWN_STATION`, `ARVL_TIME`) VALUES ('1104', 'INTRCITY SMARTBUS', 'MUMBAI', '6:30');
INSERT INTO `bus_arvl_time` (`BUS_ID`, `SERVICE_PROVIDER`, `BUS_DOWN_STATION`, `ARVL_TIME`) VALUES ('3107', 'GUJRAT TRAVELS', 'MUMBAI', '5:40');
INSERT INTO `bus_arvl_time` (`BUS_ID`, `SERVICE_PROVIDER`, `BUS_DOWN_STATION`, `ARVL_TIME`) VALUES ('3105', 'MUMBAI EXPRESS', 'MUMBAI', '6:10');
INSERT INTO `bus_arvl_time` (`BUS_ID`, `SERVICE_PROVIDER`, `BUS_DOWN_STATION`, `ARVL_TIME`) VALUES ('3106', 'RAJDHANI TRAVELS', 'MUMBAI', '5:20');
INSERT INTO `bus_arvl_time` (`BUS_ID`, `SERVICE_PROVIDER`, `BUS_DOWN_STATION`, `ARVL_TIME`) VALUES ('3107', 'GUJRAT TRAVELS', 'PUNE', '2:20');
INSERT INTO `bus_arvl_time` (`BUS_ID`, `SERVICE_PROVIDER`, `BUS_DOWN_STATION`, `ARVL_TIME`) VALUES ('3102', 'NEETA TRAVELS', 'PUNE', '9:50');
INSERT INTO `bus_arvl_time` (`BUS_ID`, `SERVICE_PROVIDER`, `BUS_DOWN_STATION`, `ARVL_TIME`) VALUES ('3113', 'PAULO TRAVELS', 'PUNE', '2:55');
INSERT INTO `bus_arvl_time` (`BUS_ID`, `SERVICE_PROVIDER`, `BUS_DOWN_STATION`, `ARVL_TIME`) VALUES ('3101', 'VRL TRAVELS', 'PUNE', '4:30');
INSERT INTO `bus_arvl_time` (`BUS_ID`, `SERVICE_PROVIDER`, `BUS_DOWN_STATION`, `ARVL_TIME`) VALUES ('3113', 'PAULO TRAVELS', 'GOA', '11:45');
INSERT INTO `bus_arvl_time` (`BUS_ID`, `SERVICE_PROVIDER`, `BUS_DOWN_STATION`, `ARVL_TIME`) VALUES ('3107', 'GUJRAT TRAVELS', 'JAIPUR', '4:00');
INSERT INTO `bus_arvl_time` (`BUS_ID`, `SERVICE_PROVIDER`, `BUS_DOWN_STATION`, `ARVL_TIME`) VALUES ('3109', 'RAJ TRAVELS', 'JAIPUR', '8:00');
INSERT INTO `bus_arvl_time` (`BUS_ID`, `SERVICE_PROVIDER`, `BUS_DOWN_STATION`, `ARVL_TIME`) VALUES ('3111', 'VERMA TRAVELS', 'BHOPAL', '9:55');
INSERT INTO `bus_arvl_time` (`BUS_ID`, `SERVICE_PROVIDER`, `BUS_DOWN_STATION`, `ARVL_TIME`) VALUES ('1101', 'ZINGBUS BASIC', 'BHOPAL', '8:00');
INSERT INTO `bus_arvl_time` (`BUS_ID`, `SERVICE_PROVIDER`, `BUS_DOWN_STATION`, `ARVL_TIME`) VALUES ('3109', 'RAJ TRAVELS', 'MUMBAI', '11:45');
INSERT INTO `bus_arvl_time` (`BUS_ID`, `SERVICE_PROVIDER`, `BUS_DOWN_STATION`, `ARVL_TIME`) VALUES ('3110', 'HANS TRAVELS', 'MUMBAI', '10:06');
INSERT INTO `bus_arvl_time` (`BUS_ID`, `SERVICE_PROVIDER`, `BUS_DOWN_STATION`, `ARVL_TIME`) VALUES ('3107', 'GUJRAT TRAVELS', 'MUMBAI', '17:55');
INSERT INTO `bus_arvl_time` (`BUS_ID`, `SERVICE_PROVIDER`, `BUS_DOWN_STATION`, `ARVL_TIME`) VALUES ('3107', 'GUJRAT TRAVELS', 'PUNE', '22:25');
INSERT INTO `bus_arvl_time` (`BUS_ID`, `SERVICE_PROVIDER`, `BUS_DOWN_STATION`, `ARVL_TIME`) VALUES ('3110', 'HANS TRAVELS', 'PUNE', '17:36');
INSERT INTO `bus_arvl_time` (`BUS_ID`, `SERVICE_PROVIDER`, `BUS_DOWN_STATION`, `ARVL_TIME`) VALUES ('3107', 'GUJRAT TRAVELS', 'AHEMDABAD', '11:15');
INSERT INTO `bus_arvl_time` (`BUS_ID`, `SERVICE_PROVIDER`, `BUS_DOWN_STATION`, `ARVL_TIME`) VALUES ('3109', 'RAJ TRAVELS', 'AHEMDABAD', '9:30');
INSERT INTO `bus_arvl_time` (`BUS_ID`, `SERVICE_PROVIDER`, `BUS_DOWN_STATION`, `ARVL_TIME`) VALUES ('3110', 'HANS TRAVELS', 'AHEMDABAD', '10:40');
INSERT INTO `bus_arvl_time` (`BUS_ID`, `SERVICE_PROVIDER`, `BUS_DOWN_STATION`, `ARVL_TIME`) VALUES ('3111', 'VERMA TRAVELS', 'BHOPAL', '8:30');
INSERT INTO `bus_arvl_time` (`BUS_ID`, `SERVICE_PROVIDER`, `BUS_DOWN_STATION`, `ARVL_TIME`) VALUES ('3110', 'HANS TRAVELS', 'BHOPAL', '12:21');
INSERT INTO `bus_arvl_time` (`BUS_ID`, `SERVICE_PROVIDER`, `BUS_DOWN_STATION`, `ARVL_TIME`) VALUES ('3109', 'RAJ TRAVELS', 'BHOPAL', '5:20');
INSERT INTO `bus_arvl_time` (`BUS_ID`, `SERVICE_PROVIDER`, `BUS_DOWN_STATION`, `ARVL_TIME`) VALUES ('3111', 'VERMA TRAVELS', 'MUMBAI', '11:15');
INSERT INTO `bus_arvl_time` (`BUS_ID`, `SERVICE_PROVIDER`, `BUS_DOWN_STATION`, `ARVL_TIME`) VALUES ('3109', 'RAJ TRAVELS', 'MUMBAI', '6:55');
INSERT INTO `bus_arvl_time` (`BUS_ID`, `SERVICE_PROVIDER`, `BUS_DOWN_STATION`, `ARVL_TIME`) VALUES ('3110', 'HANS TRAVELS', 'MUMBAI', '9:16');
INSERT INTO `bus_arvl_time` (`BUS_ID`, `SERVICE_PROVIDER`, `BUS_DOWN_STATION`, `ARVL_TIME`) VALUES ('3109', 'RAJ TRAVELS', 'PUNE', '7:55');
INSERT INTO `bus_arvl_time` (`BUS_ID`, `SERVICE_PROVIDER`, `BUS_DOWN_STATION`, `ARVL_TIME`) VALUES ('3111', 'VERMA TRAVELS', 'PUNE', '9:00');
INSERT INTO `bus_arvl_time` (`BUS_ID`, `SERVICE_PROVIDER`, `BUS_DOWN_STATION`, `ARVL_TIME`) VALUES ('3110', 'HANS TRAVELS', 'PUNE', '7:51');
INSERT INTO `bus_arvl_time` (`BUS_ID`, `SERVICE_PROVIDER`, `BUS_DOWN_STATION`, `ARVL_TIME`) VALUES ('3111', 'VERMA TRAVELS', 'AHEMDABAD', '6:30');
INSERT INTO `bus_arvl_time` (`BUS_ID`, `SERVICE_PROVIDER`, `BUS_DOWN_STATION`, `ARVL_TIME`) VALUES ('3111', 'VERMA TRAVELS', 'AHEMDABAD', '6:40');
INSERT INTO `bus_arvl_time` (`BUS_ID`, `SERVICE_PROVIDER`, `BUS_DOWN_STATION`, `ARVL_TIME`) VALUES ('1101', 'ZINGBUS BASIC', 'AHEMDABAD', '7:45');
INSERT INTO `bus_arvl_time` (`BUS_ID`, `SERVICE_PROVIDER`, `BUS_DOWN_STATION`, `ARVL_TIME`) VALUES ('3111', 'VERMA TRAVELS', 'JAIPUR', '6:45');
INSERT INTO `bus_arvl_time` (`BUS_ID`, `SERVICE_PROVIDER`, `BUS_DOWN_STATION`, `ARVL_TIME`) VALUES ('3110', 'HANS TRAVELS', 'JAIPUR', '9:30');

USE MYSQLPROJECT;
INSERT INTO `bus_dept_time` (`BUS_ID`, `SERVICE_PROVIDER`, `BUS_UP_STATION`, `DEPT_TIME`) VALUES ('1101', 'ZINGBUS BASIC', 'AMRITSAR', '21:45:00');
INSERT INTO `bus_dept_time` (`BUS_ID`, `SERVICE_PROVIDER`, `BUS_UP_STATION`, `DEPT_TIME`) VALUES ('1102', 'LAXMI HOLIDAYS', 'AMRITSAR', '20:10:00');
INSERT INTO `bus_dept_time` (`BUS_ID`, `SERVICE_PROVIDER`, `BUS_UP_STATION`, `DEPT_TIME`) VALUES ('1103', 'ZINGBUS', 'AMRITSAR', '19:15:00');
INSERT INTO `bus_dept_time` (`BUS_ID`, `SERVICE_PROVIDER`, `BUS_UP_STATION`, `DEPT_TIME`) VALUES ('1103', 'ZINGBUS', 'AMRITSAR', '20:10:00');
INSERT INTO `bus_dept_time` (`BUS_ID`, `SERVICE_PROVIDER`, `BUS_UP_STATION`, `DEPT_TIME`) VALUES ('1103', 'ZINGBUS', 'AMRITSAR', '20:50:00');
INSERT INTO `bus_dept_time` (`BUS_ID`, `SERVICE_PROVIDER`, `BUS_UP_STATION`, `DEPT_TIME`) VALUES ('1103', 'ZINGBUS', 'AMRITSAR', '9:15:00');
INSERT INTO `bus_dept_time` (`BUS_ID`, `SERVICE_PROVIDER`, `BUS_UP_STATION`, `DEPT_TIME`) VALUES ('1104', 'INTRCITY SMARTBUS', 'AMRITSAR', '22:40:00');
INSERT INTO `bus_dept_time` (`BUS_ID`, `SERVICE_PROVIDER`, `BUS_UP_STATION`, `DEPT_TIME`) VALUES ('1104', 'INTRCITY SMARTBUS', 'AMRITSAR', '21:10:00');
INSERT INTO `bus_dept_time` (`BUS_ID`, `SERVICE_PROVIDER`, `BUS_UP_STATION`, `DEPT_TIME`) VALUES ('1101', 'ZINGBUS BASIC', 'AMRITSAR', '22:50:00');
INSERT INTO `bus_dept_time` (`BUS_ID`, `SERVICE_PROVIDER`, `BUS_UP_STATION`, `DEPT_TIME`) VALUES ('1104', 'INTRCITY SMARTBUS', 'AMRITSAR', '22:05:00');
INSERT INTO `bus_dept_time` (`BUS_ID`, `SERVICE_PROVIDER`, `BUS_UP_STATION`, `DEPT_TIME`) VALUES ('1104', 'INTRCITY SMARTBUS', 'AMRITSAR', '21:40:00');
INSERT INTO `bus_dept_time` (`BUS_ID`, `SERVICE_PROVIDER`, `BUS_UP_STATION`, `DEPT_TIME`) VALUES ('1103', 'ZINGBUS', 'AMRITSAR', '11:15:00');
INSERT INTO `bus_dept_time` (`BUS_ID`, `SERVICE_PROVIDER`, `BUS_UP_STATION`, `DEPT_TIME`) VALUES ('1104', 'INTRCITY SMARTBUS', 'AMRITSAR', '21:45:00');
INSERT INTO `bus_dept_time` (`BUS_ID`, `SERVICE_PROVIDER`, `BUS_UP_STATION`, `DEPT_TIME`) VALUES ('1104', 'INTRCITY SMARTBUS', 'AMRITSAR', '20:45:00');
INSERT INTO `bus_dept_time` (`BUS_ID`, `SERVICE_PROVIDER`, `BUS_UP_STATION`, `DEPT_TIME`) VALUES ('1102', 'LAXMI HOLIDAYS', 'NEW DELHI', '22:50:00');
INSERT INTO `bus_dept_time` (`BUS_ID`, `SERVICE_PROVIDER`, `BUS_UP_STATION`, `DEPT_TIME`) VALUES ('1104', 'INTRCITY SMARTBUS', 'NEW DELHI', '23:55:00');
INSERT INTO `bus_dept_time` (`BUS_ID`, `SERVICE_PROVIDER`, `BUS_UP_STATION`, `DEPT_TIME`) VALUES ('1101', 'ZINGBUS BASIC', 'NEW DELHI', '7:25:00');
INSERT INTO `bus_dept_time` (`BUS_ID`, `SERVICE_PROVIDER`, `BUS_UP_STATION`, `DEPT_TIME`) VALUES ('1104', 'INTRCITY SMARTBUS', 'NEW DELHI', '21:15:00');
INSERT INTO `bus_dept_time` (`BUS_ID`, `SERVICE_PROVIDER`, `BUS_UP_STATION`, `DEPT_TIME`) VALUES ('1103', 'ZINGBUS', 'NEW DELHI', '20:55:00');
INSERT INTO `bus_dept_time` (`BUS_ID`, `SERVICE_PROVIDER`, `BUS_UP_STATION`, `DEPT_TIME`) VALUES ('1102', 'LAXMI HOLIDAYS', 'NEW DELHI', '20:00:00');
INSERT INTO `bus_dept_time` (`BUS_ID`, `SERVICE_PROVIDER`, `BUS_UP_STATION`, `DEPT_TIME`) VALUES ('1101', 'ZINGBUS BASIC', 'NEW DELHI', '17:30:00');
INSERT INTO `bus_dept_time` (`BUS_ID`, `SERVICE_PROVIDER`, `BUS_UP_STATION`, `DEPT_TIME`) VALUES ('1101', 'ZINGBUS BASIC', 'NEW DELHI', '21:15:00');
INSERT INTO `bus_dept_time` (`BUS_ID`, `SERVICE_PROVIDER`, `BUS_UP_STATION`, `DEPT_TIME`) VALUES ('1102', 'LAXMI HOLIDAYS', 'AGRA', '4:30:00');
INSERT INTO `bus_dept_time` (`BUS_ID`, `SERVICE_PROVIDER`, `BUS_UP_STATION`, `DEPT_TIME`) VALUES ('1101', 'ZINGBUS BASIC', 'AGRA', '4:35:00');
INSERT INTO `bus_dept_time` (`BUS_ID`, `SERVICE_PROVIDER`, `BUS_UP_STATION`, `DEPT_TIME`) VALUES ('1103', 'ZINGBUS', 'AGRA', '5:05:00');
INSERT INTO `bus_dept_time` (`BUS_ID`, `SERVICE_PROVIDER`, `BUS_UP_STATION`, `DEPT_TIME`) VALUES ('1101', 'ZINGBUS BASIC', 'AGRA', '1:10:00');
INSERT INTO `bus_dept_time` (`BUS_ID`, `SERVICE_PROVIDER`, `BUS_UP_STATION`, `DEPT_TIME`) VALUES ('1101', 'ZINGBUS BASIC', 'AGRA', '21:10:00');
INSERT INTO `bus_dept_time` (`BUS_ID`, `SERVICE_PROVIDER`, `BUS_UP_STATION`, `DEPT_TIME`) VALUES ('1101', 'ZINGBUS BASIC', 'VARANASI', '18:00:00');
INSERT INTO `bus_dept_time` (`BUS_ID`, `SERVICE_PROVIDER`, `BUS_UP_STATION`, `DEPT_TIME`) VALUES ('1101', 'ZINGBUS BASIC', 'VARANASI', '16:30:00');
INSERT INTO `bus_dept_time` (`BUS_ID`, `SERVICE_PROVIDER`, `BUS_UP_STATION`, `DEPT_TIME`) VALUES ('1102', 'LAXMI HOLIDAYS', 'VARANASI', '17:00:00');
INSERT INTO `bus_dept_time` (`BUS_ID`, `SERVICE_PROVIDER`, `BUS_UP_STATION`, `DEPT_TIME`) VALUES ('1104', 'INTRCITY SMARTBUS', 'CHENNAI', '23:00:00');
INSERT INTO `bus_dept_time` (`BUS_ID`, `SERVICE_PROVIDER`, `BUS_UP_STATION`, `DEPT_TIME`) VALUES ('2101', 'SEABIRD TOURIST', 'CHENNAI', '16:15:00');
INSERT INTO `bus_dept_time` (`BUS_ID`, `SERVICE_PROVIDER`, `BUS_UP_STATION`, `DEPT_TIME`) VALUES ('2102', 'NATIONAL TRAVELS', 'CHENNAI', '14:45:00');
INSERT INTO `bus_dept_time` (`BUS_ID`, `SERVICE_PROVIDER`, `BUS_UP_STATION`, `DEPT_TIME`) VALUES ('2103', 'GREEN LINE TRAVELS', 'CHENNAI', '9:45:00');
INSERT INTO `bus_dept_time` (`BUS_ID`, `SERVICE_PROVIDER`, `BUS_UP_STATION`, `DEPT_TIME`) VALUES ('1104', 'INTRCITY SMARTBUS', 'CHENNAI', '19:00:00');
INSERT INTO `bus_dept_time` (`BUS_ID`, `SERVICE_PROVIDER`, `BUS_UP_STATION`, `DEPT_TIME`) VALUES ('2104', 'ORANGE TOURS AND TRAVELS', 'CHENNAI', '22:15:00');
INSERT INTO `bus_dept_time` (`BUS_ID`, `SERVICE_PROVIDER`, `BUS_UP_STATION`, `DEPT_TIME`) VALUES ('1104', 'INTRCITY SMARTBUS', 'CHENNAI', '21:20:00');
INSERT INTO `bus_dept_time` (`BUS_ID`, `SERVICE_PROVIDER`, `BUS_UP_STATION`, `DEPT_TIME`) VALUES ('2102', 'NATIONAL TRAVELS', 'CHENNAI', '23:05');
INSERT INTO `bus_dept_time` (`BUS_ID`, `SERVICE_PROVIDER`, `BUS_UP_STATION`, `DEPT_TIME`) VALUES ('2104', 'ORANGE TOURS AND TRAVELS', 'CHENNAI', '20:30');
INSERT INTO `bus_dept_time` (`BUS_ID`, `SERVICE_PROVIDER`, `BUS_UP_STATION`, `DEPT_TIME`) VALUES ('2103', 'GREEN LINE TRAVELS', 'BENGALURU', '20:30');
INSERT INTO `bus_dept_time` (`BUS_ID`, `SERVICE_PROVIDER`, `BUS_UP_STATION`, `DEPT_TIME`) VALUES ('2102', 'NATIONAL TRAVELS', 'BENGALURU', '14:30');
INSERT INTO `bus_dept_time` (`BUS_ID`, `SERVICE_PROVIDER`, `BUS_UP_STATION`, `DEPT_TIME`) VALUES ('1104', 'INTRCITY SMARTBUS', 'BENGALURU', '22:15');
INSERT INTO `bus_dept_time` (`BUS_ID`, `SERVICE_PROVIDER`, `BUS_UP_STATION`, `DEPT_TIME`) VALUES ('2104', 'ORANGE TOURS AND TRAVELS', 'BENGALURU', '19:30');
INSERT INTO `bus_dept_time` (`BUS_ID`, `SERVICE_PROVIDER`, `BUS_UP_STATION`, `DEPT_TIME`) VALUES ('2102', 'NATIONAL TRAVELS', 'BENGALURU', '23:10');
INSERT INTO `bus_dept_time` (`BUS_ID`, `SERVICE_PROVIDER`, `BUS_UP_STATION`, `DEPT_TIME`) VALUES ('2104', 'ORANGE TOURS AND TRAVELS', 'BENGALURU', '2:15');
INSERT INTO `bus_dept_time` (`BUS_ID`, `SERVICE_PROVIDER`, `BUS_UP_STATION`, `DEPT_TIME`) VALUES ('2102', 'NATIONAL TRAVELS', 'BENGALURU', '21:45');
INSERT INTO `bus_dept_time` (`BUS_ID`, `SERVICE_PROVIDER`, `BUS_UP_STATION`, `DEPT_TIME`) VALUES ('1104', 'INTRCITY SMARTBUS', 'BENGALURU', '23:10');
INSERT INTO `bus_dept_time` (`BUS_ID`, `SERVICE_PROVIDER`, `BUS_UP_STATION`, `DEPT_TIME`) VALUES ('2104', 'ORANGE TOURS AND TRAVELS', 'HYDERABAD', '20:15');
INSERT INTO `bus_dept_time` (`BUS_ID`, `SERVICE_PROVIDER`, `BUS_UP_STATION`, `DEPT_TIME`) VALUES ('1104', 'INTRCITY SMARTBUS', 'HYDERABAD', '21:00');
INSERT INTO `bus_dept_time` (`BUS_ID`, `SERVICE_PROVIDER`, `BUS_UP_STATION`, `DEPT_TIME`) VALUES ('1104', 'INTRCITY SMARTBUS', 'HYDERABAD', '19:00');
INSERT INTO `bus_dept_time` (`BUS_ID`, `SERVICE_PROVIDER`, `BUS_UP_STATION`, `DEPT_TIME`) VALUES ('2104', 'ORANGE TOURS AND TRAVELS', 'HYDERABAD', '18:10');
INSERT INTO `bus_dept_time` (`BUS_ID`, `SERVICE_PROVIDER`, `BUS_UP_STATION`, `DEPT_TIME`) VALUES ('2103', 'GREEN LINE TRAVELS', 'HYDERABAD', '22:35');
INSERT INTO `bus_dept_time` (`BUS_ID`, `SERVICE_PROVIDER`, `BUS_UP_STATION`, `DEPT_TIME`) VALUES ('2104', 'ORANGE TOURS AND TRAVELS', 'HYDERABAD', '16:30');
INSERT INTO `bus_dept_time` (`BUS_ID`, `SERVICE_PROVIDER`, `BUS_UP_STATION`, `DEPT_TIME`) VALUES ('1104', 'INTRCITY SMARTBUS', 'MADURAI', '21:00');
INSERT INTO `bus_dept_time` (`BUS_ID`, `SERVICE_PROVIDER`, `BUS_UP_STATION`, `DEPT_TIME`) VALUES ('2102', 'NATIONAL TRAVELS', 'MADURAI', '20:45');
INSERT INTO `bus_dept_time` (`BUS_ID`, `SERVICE_PROVIDER`, `BUS_UP_STATION`, `DEPT_TIME`) VALUES ('2104', 'ORANGE TOURS AND TRAVELS', 'MADURAI', '23:15');
INSERT INTO `bus_dept_time` (`BUS_ID`, `SERVICE_PROVIDER`, `BUS_UP_STATION`, `DEPT_TIME`) VALUES ('1104', 'INTRCITY SMARTBUS', 'MADURAI', '21:15');
INSERT INTO `bus_dept_time` (`BUS_ID`, `SERVICE_PROVIDER`, `BUS_UP_STATION`, `DEPT_TIME`) VALUES ('2104', 'ORANGE TOURS AND TRAVELS', 'MADURAI', '22:45');
INSERT INTO `bus_dept_time` (`BUS_ID`, `SERVICE_PROVIDER`, `BUS_UP_STATION`, `DEPT_TIME`) VALUES ('2102', 'NATIONAL TRAVELS', 'MADURAI', '22:25');
INSERT INTO `bus_dept_time` (`BUS_ID`, `SERVICE_PROVIDER`, `BUS_UP_STATION`, `DEPT_TIME`) VALUES ('2103', 'GREEN LINE TRAVELS', 'MADURAI', '22:45');
INSERT INTO `bus_dept_time` (`BUS_ID`, `SERVICE_PROVIDER`, `BUS_UP_STATION`, `DEPT_TIME`) VALUES ('2104', 'ORANGE TOURS AND TRAVELS', 'MADURAI', '15:30');
INSERT INTO `bus_dept_time` (`BUS_ID`, `SERVICE_PROVIDER`, `BUS_UP_STATION`, `DEPT_TIME`) VALUES ('3101', 'VRL TRAVELS', 'MUMBAI', '17:30');
INSERT INTO `bus_dept_time` (`BUS_ID`, `SERVICE_PROVIDER`, `BUS_UP_STATION`, `DEPT_TIME`) VALUES ('1104', 'INTRCITY SMARTBUS', 'MUMBAI', '21:25');
INSERT INTO `bus_dept_time` (`BUS_ID`, `SERVICE_PROVIDER`, `BUS_UP_STATION`, `DEPT_TIME`) VALUES ('3102', 'NEETA TRAVELS', 'MUMBAI', '5:45');
INSERT INTO `bus_dept_time` (`BUS_ID`, `SERVICE_PROVIDER`, `BUS_UP_STATION`, `DEPT_TIME`) VALUES ('3103', 'PRASANNA PURPLE', 'MUMBAI', '17:00');
INSERT INTO `bus_dept_time` (`BUS_ID`, `SERVICE_PROVIDER`, `BUS_UP_STATION`, `DEPT_TIME`) VALUES ('3104', 'SANJAY TRAVELS', 'MUMBAI', '23:00');
INSERT INTO `bus_dept_time` (`BUS_ID`, `SERVICE_PROVIDER`, `BUS_UP_STATION`, `DEPT_TIME`) VALUES ('1104', 'INTRCITY SMARTBUS', 'MUMBAI', '19:40');
INSERT INTO `bus_dept_time` (`BUS_ID`, `SERVICE_PROVIDER`, `BUS_UP_STATION`, `DEPT_TIME`) VALUES ('1104', 'INTRCITY SMARTBUS', 'MUMBAI', '17:00');
INSERT INTO `bus_dept_time` (`BUS_ID`, `SERVICE_PROVIDER`, `BUS_UP_STATION`, `DEPT_TIME`) VALUES ('3101', 'VRL TRAVELS', 'MUMBAI', '1:30');
INSERT INTO `bus_dept_time` (`BUS_ID`, `SERVICE_PROVIDER`, `BUS_UP_STATION`, `DEPT_TIME`) VALUES ('1104', 'INTRCITY SMARTBUS', 'MUMBAI', '20:30');
INSERT INTO `bus_dept_time` (`BUS_ID`, `SERVICE_PROVIDER`, `BUS_UP_STATION`, `DEPT_TIME`) VALUES ('3105', 'MUMBAI EXPRESS', 'MUMBAI', '15:45');
INSERT INTO `bus_dept_time` (`BUS_ID`, `SERVICE_PROVIDER`, `BUS_UP_STATION`, `DEPT_TIME`) VALUES ('3106', 'RAJDHANI TRAVELS', 'MUMBAI', '16:00');
INSERT INTO `bus_dept_time` (`BUS_ID`, `SERVICE_PROVIDER`, `BUS_UP_STATION`, `DEPT_TIME`) VALUES ('3107', 'GUJRAT TRAVELS', 'MUMBAI', '12:40');
INSERT INTO `bus_dept_time` (`BUS_ID`, `SERVICE_PROVIDER`, `BUS_UP_STATION`, `DEPT_TIME`) VALUES ('3108', 'RAJAT TRAVELS', 'MUMBAI', '15:00');
INSERT INTO `bus_dept_time` (`BUS_ID`, `SERVICE_PROVIDER`, `BUS_UP_STATION`, `DEPT_TIME`) VALUES ('3109', 'RAJ TRAVELS', 'MUMBAI', '16:30');
INSERT INTO `bus_dept_time` (`BUS_ID`, `SERVICE_PROVIDER`, `BUS_UP_STATION`, `DEPT_TIME`) VALUES ('3110', 'HANS TRAVELS', 'MUMBAI', '17:05');
INSERT INTO `bus_dept_time` (`BUS_ID`, `SERVICE_PROVIDER`, `BUS_UP_STATION`, `DEPT_TIME`) VALUES ('3111', 'VERMA TRAVELS', 'MUMBAI', '18:35');
INSERT INTO `bus_dept_time` (`BUS_ID`, `SERVICE_PROVIDER`, `BUS_UP_STATION`, `DEPT_TIME`) VALUES ('3112', 'RAJRATAN TRAVELS', 'MUMBAI', '19:00');
INSERT INTO `bus_dept_time` (`BUS_ID`, `SERVICE_PROVIDER`, `BUS_UP_STATION`, `DEPT_TIME`) VALUES ('3101', 'VRL TRAVELS', 'PUNE', '5:15');
INSERT INTO `bus_dept_time` (`BUS_ID`, `SERVICE_PROVIDER`, `BUS_UP_STATION`, `DEPT_TIME`) VALUES ('3104', 'SANJAY TRAVELS', 'PUNE', '1:55');
INSERT INTO `bus_dept_time` (`BUS_ID`, `SERVICE_PROVIDER`, `BUS_UP_STATION`, `DEPT_TIME`) VALUES ('3102', 'NEETA TRAVELS', 'PUNE', '12:30');
INSERT INTO `bus_dept_time` (`BUS_ID`, `SERVICE_PROVIDER`, `BUS_UP_STATION`, `DEPT_TIME`) VALUES ('3103', 'PRASANNA PURPLE', 'PUNE', '8:00');
INSERT INTO `bus_dept_time` (`BUS_ID`, `SERVICE_PROVIDER`, `BUS_UP_STATION`, `DEPT_TIME`) VALUES ('3101', 'VRL TRAVELS', 'PUNE', '23:30');
INSERT INTO `bus_dept_time` (`BUS_ID`, `SERVICE_PROVIDER`, `BUS_UP_STATION`, `DEPT_TIME`) VALUES ('3103', 'PRASANNA PURPLE', 'PUNE', '22:45');
INSERT INTO `bus_dept_time` (`BUS_ID`, `SERVICE_PROVIDER`, `BUS_UP_STATION`, `DEPT_TIME`) VALUES ('1104', 'INTRCITY SMARTBUS', 'PUNE', '22:30');
INSERT INTO `bus_dept_time` (`BUS_ID`, `SERVICE_PROVIDER`, `BUS_UP_STATION`, `DEPT_TIME`) VALUES ('3107', 'GUJRAT TRAVELS', 'PUNE', '17:25');
INSERT INTO `bus_dept_time` (`BUS_ID`, `SERVICE_PROVIDER`, `BUS_UP_STATION`, `DEPT_TIME`) VALUES ('3102', 'NEETA TRAVELS', 'PUNE', '15:30');
INSERT INTO `bus_dept_time` (`BUS_ID`, `SERVICE_PROVIDER`, `BUS_UP_STATION`, `DEPT_TIME`) VALUES ('1104', 'INTRCITY SMARTBUS', 'PUNE', '18:30');
INSERT INTO `bus_dept_time` (`BUS_ID`, `SERVICE_PROVIDER`, `BUS_UP_STATION`, `DEPT_TIME`) VALUES ('3107', 'GUJRAT TRAVELS', 'PUNE', '8:30');
INSERT INTO `bus_dept_time` (`BUS_ID`, `SERVICE_PROVIDER`, `BUS_UP_STATION`, `DEPT_TIME`) VALUES ('3112', 'RAJRATAN TRAVELS', 'PUNE', '19:00');
INSERT INTO `bus_dept_time` (`BUS_ID`, `SERVICE_PROVIDER`, `BUS_UP_STATION`, `DEPT_TIME`) VALUES ('3111', 'VERMA TRAVELS', 'PUNE', '18:50');
INSERT INTO `bus_dept_time` (`BUS_ID`, `SERVICE_PROVIDER`, `BUS_UP_STATION`, `DEPT_TIME`) VALUES ('3110', 'HANS TRAVELS', 'PUNE', '18:01');
INSERT INTO `bus_dept_time` (`BUS_ID`, `SERVICE_PROVIDER`, `BUS_UP_STATION`, `DEPT_TIME`) VALUES ('1104', 'INTRCITY SMARTBUS', 'GOA', '19:45');
INSERT INTO `bus_dept_time` (`BUS_ID`, `SERVICE_PROVIDER`, `BUS_UP_STATION`, `DEPT_TIME`) VALUES ('3101', 'VRL TRAVELS', 'GOA', '20:30');
INSERT INTO `bus_dept_time` (`BUS_ID`, `SERVICE_PROVIDER`, `BUS_UP_STATION`, `DEPT_TIME`) VALUES ('2102', 'NATIONAL TRAVELS', 'GOA', '19:00');
INSERT INTO `bus_dept_time` (`BUS_ID`, `SERVICE_PROVIDER`, `BUS_UP_STATION`, `DEPT_TIME`) VALUES ('3103', 'PRASANNA PURPLE', 'GOA', '19:00');
INSERT INTO `bus_dept_time` (`BUS_ID`, `SERVICE_PROVIDER`, `BUS_UP_STATION`, `DEPT_TIME`) VALUES ('3101', 'VRL TRAVELS', 'GOA', '20:00');
INSERT INTO `bus_dept_time` (`BUS_ID`, `SERVICE_PROVIDER`, `BUS_UP_STATION`, `DEPT_TIME`) VALUES ('3113', 'PAULO TRAVELS', 'GOA', '16:00');
INSERT INTO `bus_dept_time` (`BUS_ID`, `SERVICE_PROVIDER`, `BUS_UP_STATION`, `DEPT_TIME`) VALUES ('1104', 'INTRCITY SMARTBUS', 'AHEMDABAD', '19:00');
INSERT INTO `bus_dept_time` (`BUS_ID`, `SERVICE_PROVIDER`, `BUS_UP_STATION`, `DEPT_TIME`) VALUES ('3107', 'GUJRAT TRAVELS', 'AHEMDABAD', '18:30');
INSERT INTO `bus_dept_time` (`BUS_ID`, `SERVICE_PROVIDER`, `BUS_UP_STATION`, `DEPT_TIME`) VALUES ('3105', 'MUMBAI EXPRESS', 'AHEMDABAD', '19:25');
INSERT INTO `bus_dept_time` (`BUS_ID`, `SERVICE_PROVIDER`, `BUS_UP_STATION`, `DEPT_TIME`) VALUES ('3106', 'RAJDHANI TRAVELS', 'AHEMDABAD', '18:15');
INSERT INTO `bus_dept_time` (`BUS_ID`, `SERVICE_PROVIDER`, `BUS_UP_STATION`, `DEPT_TIME`) VALUES ('3107', 'GUJRAT TRAVELS', 'AHEMDABAD', '10:00');
INSERT INTO `bus_dept_time` (`BUS_ID`, `SERVICE_PROVIDER`, `BUS_UP_STATION`, `DEPT_TIME`) VALUES ('3102', 'NEETA TRAVELS', 'AHEMDABAD', '19:30');
INSERT INTO `bus_dept_time` (`BUS_ID`, `SERVICE_PROVIDER`, `BUS_UP_STATION`, `DEPT_TIME`) VALUES ('3113', 'PAULO TRAVELS', 'AHEMDABAD', '11:04');
INSERT INTO `bus_dept_time` (`BUS_ID`, `SERVICE_PROVIDER`, `BUS_UP_STATION`, `DEPT_TIME`) VALUES ('3101', 'VRL TRAVELS', 'AHEMDABAD', '15:30');
INSERT INTO `bus_dept_time` (`BUS_ID`, `SERVICE_PROVIDER`, `BUS_UP_STATION`, `DEPT_TIME`) VALUES ('3113', 'PAULO TRAVELS', 'AHEMDABAD', '10:30');
INSERT INTO `bus_dept_time` (`BUS_ID`, `SERVICE_PROVIDER`, `BUS_UP_STATION`, `DEPT_TIME`) VALUES ('3107', 'GUJRAT TRAVELS', 'AHEMDABAD', '15:00');
INSERT INTO `bus_dept_time` (`BUS_ID`, `SERVICE_PROVIDER`, `BUS_UP_STATION`, `DEPT_TIME`) VALUES ('3109', 'RAJ TRAVELS', 'AHEMDABAD', '17:00');
INSERT INTO `bus_dept_time` (`BUS_ID`, `SERVICE_PROVIDER`, `BUS_UP_STATION`, `DEPT_TIME`) VALUES ('3111', 'VERMA TRAVELS', 'AHEMDABAD', '20:30');
INSERT INTO `bus_dept_time` (`BUS_ID`, `SERVICE_PROVIDER`, `BUS_UP_STATION`, `DEPT_TIME`) VALUES ('1101', 'ZINGBUS BASIC', 'AHEMDABAD', '21:00');
INSERT INTO `bus_dept_time` (`BUS_ID`, `SERVICE_PROVIDER`, `BUS_UP_STATION`, `DEPT_TIME`) VALUES ('3109', 'RAJ TRAVELS', 'JAIPUR', '10:30');
INSERT INTO `bus_dept_time` (`BUS_ID`, `SERVICE_PROVIDER`, `BUS_UP_STATION`, `DEPT_TIME`) VALUES ('3110', 'HANS TRAVELS', 'JAIPUR', '19:31');
INSERT INTO `bus_dept_time` (`BUS_ID`, `SERVICE_PROVIDER`, `BUS_UP_STATION`, `DEPT_TIME`) VALUES ('3107', 'GUJRAT TRAVELS', 'JAIPUR', '15:00');
INSERT INTO `bus_dept_time` (`BUS_ID`, `SERVICE_PROVIDER`, `BUS_UP_STATION`, `DEPT_TIME`) VALUES ('3107', 'GUJRAT TRAVELS', 'JAIPUR', '21:00');
INSERT INTO `bus_dept_time` (`BUS_ID`, `SERVICE_PROVIDER`, `BUS_UP_STATION`, `DEPT_TIME`) VALUES ('3109', 'RAJ TRAVELS', 'JAIPUR', '21:30');
INSERT INTO `bus_dept_time` (`BUS_ID`, `SERVICE_PROVIDER`, `BUS_UP_STATION`, `DEPT_TIME`) VALUES ('3110', 'HANS TRAVELS', 'JAIPUR', '21:45');
INSERT INTO `bus_dept_time` (`BUS_ID`, `SERVICE_PROVIDER`, `BUS_UP_STATION`, `DEPT_TIME`) VALUES ('3111', 'VERMA TRAVELS', 'JAIPUR', '21:00');
INSERT INTO `bus_dept_time` (`BUS_ID`, `SERVICE_PROVIDER`, `BUS_UP_STATION`, `DEPT_TIME`) VALUES ('3109', 'RAJ TRAVELS', 'JAIPUR', '17:15');
INSERT INTO `bus_dept_time` (`BUS_ID`, `SERVICE_PROVIDER`, `BUS_UP_STATION`, `DEPT_TIME`) VALUES ('3111', 'VERMA TRAVELS', 'BHOPAL', '19:00');
INSERT INTO `bus_dept_time` (`BUS_ID`, `SERVICE_PROVIDER`, `BUS_UP_STATION`, `DEPT_TIME`) VALUES ('3109', 'RAJ TRAVELS', 'BHOPAL', '16:00');
INSERT INTO `bus_dept_time` (`BUS_ID`, `SERVICE_PROVIDER`, `BUS_UP_STATION`, `DEPT_TIME`) VALUES ('3110', 'HANS TRAVELS', 'BHOPAL', '15:30');
INSERT INTO `bus_dept_time` (`BUS_ID`, `SERVICE_PROVIDER`, `BUS_UP_STATION`, `DEPT_TIME`) VALUES ('3109', 'RAJ TRAVELS', 'BHOPAL', '16:15');
INSERT INTO `bus_dept_time` (`BUS_ID`, `SERVICE_PROVIDER`, `BUS_UP_STATION`, `DEPT_TIME`) VALUES ('3111', 'VERMA TRAVELS', 'BHOPAL', '17:00');
INSERT INTO `bus_dept_time` (`BUS_ID`, `SERVICE_PROVIDER`, `BUS_UP_STATION`, `DEPT_TIME`) VALUES ('3110', 'HANS TRAVELS', 'BHOPAL', '15:31');
INSERT INTO `bus_dept_time` (`BUS_ID`, `SERVICE_PROVIDER`, `BUS_UP_STATION`, `DEPT_TIME`) VALUES ('3111', 'VERMA TRAVELS', 'BHOPAL', '18:30');
INSERT INTO `bus_dept_time` (`BUS_ID`, `SERVICE_PROVIDER`, `BUS_UP_STATION`, `DEPT_TIME`) VALUES ('1101', 'ZINGBUS BASIC', 'BHOPAL', '19:45');
INSERT INTO `bus_dept_time` (`BUS_ID`, `SERVICE_PROVIDER`, `BUS_UP_STATION`, `DEPT_TIME`) VALUES ('3111', 'VERMA TRAVELS', 'BHOPAL', '20:00');

USE MYSQLPROJECT;
INSERT INTO `bus_journey_hr` (`BUS_ID`, `UP_STATION`, `DOWN_STATION`, `JOURNEY_HR`) VALUES ('1101', 'AMRITSAR', 'NEW DELHI', '8');
INSERT INTO `bus_journey_hr` (`BUS_ID`, `UP_STATION`, `DOWN_STATION`, `JOURNEY_HR`) VALUES ('1102', 'AMRITSAR', 'NEW DELHI', '9');
INSERT INTO `bus_journey_hr` (`BUS_ID`, `UP_STATION`, `DOWN_STATION`, `JOURNEY_HR`) VALUES ('1103', 'AMRITSAR', 'NEW DELHI', '9');
INSERT INTO `bus_journey_hr` (`BUS_ID`, `UP_STATION`, `DOWN_STATION`, `JOURNEY_HR`) VALUES ('1103', 'AMRITSAR', 'NEW DELHI', '10');
INSERT INTO `bus_journey_hr` (`BUS_ID`, `UP_STATION`, `DOWN_STATION`, `JOURNEY_HR`) VALUES ('1104', 'AMRITSAR', 'NEW DELHI', '7');
INSERT INTO `bus_journey_hr` (`BUS_ID`, `UP_STATION`, `DOWN_STATION`, `JOURNEY_HR`) VALUES ('1101', 'AMRITSAR', 'NEW DELHI', '9');
INSERT INTO `bus_journey_hr` (`BUS_ID`, `UP_STATION`, `DOWN_STATION`, `JOURNEY_HR`) VALUES ('1104', 'AMRITSAR', 'NEW DELHI', '8');
INSERT INTO `bus_journey_hr` (`BUS_ID`, `UP_STATION`, `DOWN_STATION`, `JOURNEY_HR`) VALUES ('1103', 'AMRITSAR', 'NEW DELHI', '11');
INSERT INTO `bus_journey_hr` (`BUS_ID`, `UP_STATION`, `DOWN_STATION`, `JOURNEY_HR`) VALUES ('1104', 'AMRITSAR', 'NEW DELHI', '9');
INSERT INTO `bus_journey_hr` (`BUS_ID`, `UP_STATION`, `DOWN_STATION`, `JOURNEY_HR`) VALUES ('1102', 'NEW DELHI', 'AMRITSAR', '7');
INSERT INTO `bus_journey_hr` (`BUS_ID`, `UP_STATION`, `DOWN_STATION`, `JOURNEY_HR`) VALUES ('1104', 'NEW DELHI', 'AMRITSAR', '8');
INSERT INTO `bus_journey_hr` (`BUS_ID`, `UP_STATION`, `DOWN_STATION`, `JOURNEY_HR`) VALUES ('1101', 'NEW DELHI', 'AMRITSAR', '12');
INSERT INTO `bus_journey_hr` (`BUS_ID`, `UP_STATION`, `DOWN_STATION`, `JOURNEY_HR`) VALUES ('1104', 'NEW DELHI', 'AGRA', '4');
INSERT INTO `bus_journey_hr` (`BUS_ID`, `UP_STATION`, `DOWN_STATION`, `JOURNEY_HR`) VALUES ('1103', 'NEW DELHI', 'AGRA', '2');
INSERT INTO `bus_journey_hr` (`BUS_ID`, `UP_STATION`, `DOWN_STATION`, `JOURNEY_HR`) VALUES ('1102', 'NEW DELHI', 'AGRA', '3');
INSERT INTO `bus_journey_hr` (`BUS_ID`, `UP_STATION`, `DOWN_STATION`, `JOURNEY_HR`) VALUES ('1101', 'NEW DELHI', 'AGRA', '3');
INSERT INTO `bus_journey_hr` (`BUS_ID`, `UP_STATION`, `DOWN_STATION`, `JOURNEY_HR`) VALUES ('1101', 'NEW DELHI', 'VARANASI', '13');
INSERT INTO `bus_journey_hr` (`BUS_ID`, `UP_STATION`, `DOWN_STATION`, `JOURNEY_HR`) VALUES ('1102', 'NEW DELHI', 'VARANASI', '14');
INSERT INTO `bus_journey_hr` (`BUS_ID`, `UP_STATION`, `DOWN_STATION`, `JOURNEY_HR`) VALUES ('1102', 'AGRA', 'NEW DELHI', '3');
INSERT INTO `bus_journey_hr` (`BUS_ID`, `UP_STATION`, `DOWN_STATION`, `JOURNEY_HR`) VALUES ('1101', 'AGRA', 'NEW DELHI', '3');
INSERT INTO `bus_journey_hr` (`BUS_ID`, `UP_STATION`, `DOWN_STATION`, `JOURNEY_HR`) VALUES ('1103', 'AGRA', 'NEW DELHI', '3');
INSERT INTO `bus_journey_hr` (`BUS_ID`, `UP_STATION`, `DOWN_STATION`, `JOURNEY_HR`) VALUES ('1101', 'AGRA', 'VARANASI', '9');
INSERT INTO `bus_journey_hr` (`BUS_ID`, `UP_STATION`, `DOWN_STATION`, `JOURNEY_HR`) VALUES ('1101', 'VARANASI', 'NEW DELHI', '15');
INSERT INTO `bus_journey_hr` (`BUS_ID`, `UP_STATION`, `DOWN_STATION`, `JOURNEY_HR`) VALUES ('1102', 'VARANASI', 'NEW DELHI', '14');
INSERT INTO `bus_journey_hr` (`BUS_ID`, `UP_STATION`, `DOWN_STATION`, `JOURNEY_HR`) VALUES ('1101', 'VARANASI', 'AGRA', '12');
INSERT INTO `bus_journey_hr` (`BUS_ID`, `UP_STATION`, `DOWN_STATION`, `JOURNEY_HR`) VALUES ('1102', 'VARANASI', 'AGRA', '12');
INSERT INTO `bus_journey_hr` (`BUS_ID`, `UP_STATION`, `DOWN_STATION`, `JOURNEY_HR`) VALUES ('1104', 'CHENNAI', 'BENGALURU', '6');
INSERT INTO `bus_journey_hr` (`BUS_ID`, `UP_STATION`, `DOWN_STATION`, `JOURNEY_HR`) VALUES ('2101', 'CHENNAI', 'BENGALURU', '7');
INSERT INTO `bus_journey_hr` (`BUS_ID`, `UP_STATION`, `DOWN_STATION`, `JOURNEY_HR`) VALUES ('2102', 'CHENNAI', 'BENGALURU', '5');
INSERT INTO `bus_journey_hr` (`BUS_ID`, `UP_STATION`, `DOWN_STATION`, `JOURNEY_HR`) VALUES ('2103', 'CHENNAI', 'BENGALURU', '6');
INSERT INTO `bus_journey_hr` (`BUS_ID`, `UP_STATION`, `DOWN_STATION`, `JOURNEY_HR`) VALUES ('1104', 'CHENNAI', 'HYDERABAD', '11');
INSERT INTO `bus_journey_hr` (`BUS_ID`, `UP_STATION`, `DOWN_STATION`, `JOURNEY_HR`) VALUES ('2104', 'CHENNAI', 'HYDERABAD', '10');
INSERT INTO `bus_journey_hr` (`BUS_ID`, `UP_STATION`, `DOWN_STATION`, `JOURNEY_HR`) VALUES ('1104', 'CHENNAI', 'MADURAI', '7');
INSERT INTO `bus_journey_hr` (`BUS_ID`, `UP_STATION`, `DOWN_STATION`, `JOURNEY_HR`) VALUES ('2102', 'CHENNAI', 'MADURAI', '7');
INSERT INTO `bus_journey_hr` (`BUS_ID`, `UP_STATION`, `DOWN_STATION`, `JOURNEY_HR`) VALUES ('2104', 'CHENNAI', 'MADURAI', '8');
INSERT INTO `bus_journey_hr` (`BUS_ID`, `UP_STATION`, `DOWN_STATION`, `JOURNEY_HR`) VALUES ('2103', 'BENGALURU', 'CHENNAI', '6');
INSERT INTO `bus_journey_hr` (`BUS_ID`, `UP_STATION`, `DOWN_STATION`, `JOURNEY_HR`) VALUES ('2102', 'BENGALURU', 'CHENNAI', '6');
INSERT INTO `bus_journey_hr` (`BUS_ID`, `UP_STATION`, `DOWN_STATION`, `JOURNEY_HR`) VALUES ('1104', 'BENGALURU', 'HYDERABAD', '8');
INSERT INTO `bus_journey_hr` (`BUS_ID`, `UP_STATION`, `DOWN_STATION`, `JOURNEY_HR`) VALUES ('2104', 'BENGALURU', 'HYDERABAD', '8');
INSERT INTO `bus_journey_hr` (`BUS_ID`, `UP_STATION`, `DOWN_STATION`, `JOURNEY_HR`) VALUES ('2102', 'BENGALURU', 'HYDERABAD', '8');
INSERT INTO `bus_journey_hr` (`BUS_ID`, `UP_STATION`, `DOWN_STATION`, `JOURNEY_HR`) VALUES ('2104', 'BENGALURU', 'MADURAI', '6');
INSERT INTO `bus_journey_hr` (`BUS_ID`, `UP_STATION`, `DOWN_STATION`, `JOURNEY_HR`) VALUES ('2102', 'BENGALURU', 'MADURAI', '8');
INSERT INTO `bus_journey_hr` (`BUS_ID`, `UP_STATION`, `DOWN_STATION`, `JOURNEY_HR`) VALUES ('1104', 'BENGALURU', 'MADURAI', '8');
INSERT INTO `bus_journey_hr` (`BUS_ID`, `UP_STATION`, `DOWN_STATION`, `JOURNEY_HR`) VALUES ('2104', 'HYDERABAD', 'CHENNAI', '11');
INSERT INTO `bus_journey_hr` (`BUS_ID`, `UP_STATION`, `DOWN_STATION`, `JOURNEY_HR`) VALUES ('1104', 'HYDERABAD', 'CHENNAI', '11');
INSERT INTO `bus_journey_hr` (`BUS_ID`, `UP_STATION`, `DOWN_STATION`, `JOURNEY_HR`) VALUES ('1104', 'HYDERABAD', 'BENGALURU', '12');
INSERT INTO `bus_journey_hr` (`BUS_ID`, `UP_STATION`, `DOWN_STATION`, `JOURNEY_HR`) VALUES ('2104', 'HYDERABAD', 'BENGALURU', '9');
INSERT INTO `bus_journey_hr` (`BUS_ID`, `UP_STATION`, `DOWN_STATION`, `JOURNEY_HR`) VALUES ('2103', 'HYDERABAD', 'BENGALURU', '9');
INSERT INTO `bus_journey_hr` (`BUS_ID`, `UP_STATION`, `DOWN_STATION`, `JOURNEY_HR`) VALUES ('2104', 'HYDERABAD', 'MADURAI', '16');
INSERT INTO `bus_journey_hr` (`BUS_ID`, `UP_STATION`, `DOWN_STATION`, `JOURNEY_HR`) VALUES ('1104', 'MADURAI', 'CHENNAI', '8');
INSERT INTO `bus_journey_hr` (`BUS_ID`, `UP_STATION`, `DOWN_STATION`, `JOURNEY_HR`) VALUES ('2102', 'MADURAI', 'CHENNAI', '8');
INSERT INTO `bus_journey_hr` (`BUS_ID`, `UP_STATION`, `DOWN_STATION`, `JOURNEY_HR`) VALUES ('2104', 'MADURAI', 'CHENNAI', '6');
INSERT INTO `bus_journey_hr` (`BUS_ID`, `UP_STATION`, `DOWN_STATION`, `JOURNEY_HR`) VALUES ('1104', 'MADURAI', 'BENGALURU', '7');
INSERT INTO `bus_journey_hr` (`BUS_ID`, `UP_STATION`, `DOWN_STATION`, `JOURNEY_HR`) VALUES ('2104', 'MADURAI', 'BENGALURU', '7');
INSERT INTO `bus_journey_hr` (`BUS_ID`, `UP_STATION`, `DOWN_STATION`, `JOURNEY_HR`) VALUES ('2102', 'MADURAI', 'BENGALURU', '8');
INSERT INTO `bus_journey_hr` (`BUS_ID`, `UP_STATION`, `DOWN_STATION`, `JOURNEY_HR`) VALUES ('2103', 'MADURAI', 'BENGALURU', '7');
INSERT INTO `bus_journey_hr` (`BUS_ID`, `UP_STATION`, `DOWN_STATION`, `JOURNEY_HR`) VALUES ('2104', 'MADURAI', 'HYDERABAD', '16');
INSERT INTO `bus_journey_hr` (`BUS_ID`, `UP_STATION`, `DOWN_STATION`, `JOURNEY_HR`) VALUES ('3101', 'MUMBAI', 'PUNE', '5');
INSERT INTO `bus_journey_hr` (`BUS_ID`, `UP_STATION`, `DOWN_STATION`, `JOURNEY_HR`) VALUES ('1104', 'MUMBAI', 'PUNE', '3');
INSERT INTO `bus_journey_hr` (`BUS_ID`, `UP_STATION`, `DOWN_STATION`, `JOURNEY_HR`) VALUES ('3102', 'MUMBAI', 'PUNE', '4');
INSERT INTO `bus_journey_hr` (`BUS_ID`, `UP_STATION`, `DOWN_STATION`, `JOURNEY_HR`) VALUES ('3103', 'MUMBAI', 'PUNE', '5');
INSERT INTO `bus_journey_hr` (`BUS_ID`, `UP_STATION`, `DOWN_STATION`, `JOURNEY_HR`) VALUES ('3104', 'MUMBAI', 'PUNE', '3');
INSERT INTO `bus_journey_hr` (`BUS_ID`, `UP_STATION`, `DOWN_STATION`, `JOURNEY_HR`) VALUES ('1104', 'MUMBAI', 'GOA', '14');
INSERT INTO `bus_journey_hr` (`BUS_ID`, `UP_STATION`, `DOWN_STATION`, `JOURNEY_HR`) VALUES ('1104', 'MUMBAI', 'GOA', '16');
INSERT INTO `bus_journey_hr` (`BUS_ID`, `UP_STATION`, `DOWN_STATION`, `JOURNEY_HR`) VALUES ('3103', 'MUMBAI', 'GOA', '17');
INSERT INTO `bus_journey_hr` (`BUS_ID`, `UP_STATION`, `DOWN_STATION`, `JOURNEY_HR`) VALUES ('3101', 'MUMBAI', 'AHEMDABAD', '8');
INSERT INTO `bus_journey_hr` (`BUS_ID`, `UP_STATION`, `DOWN_STATION`, `JOURNEY_HR`) VALUES ('1104', 'MUMBAI', 'AHEMDABAD', '13');
INSERT INTO `bus_journey_hr` (`BUS_ID`, `UP_STATION`, `DOWN_STATION`, `JOURNEY_HR`) VALUES ('3105', 'MUMBAI', 'AHEMDABAD', '11');
INSERT INTO `bus_journey_hr` (`BUS_ID`, `UP_STATION`, `DOWN_STATION`, `JOURNEY_HR`) VALUES ('3106', 'MUMBAI', 'AHEMDABAD', '12');
INSERT INTO `bus_journey_hr` (`BUS_ID`, `UP_STATION`, `DOWN_STATION`, `JOURNEY_HR`) VALUES ('3107', 'MUMBAI', 'JAIPUR', '25');
INSERT INTO `bus_journey_hr` (`BUS_ID`, `UP_STATION`, `DOWN_STATION`, `JOURNEY_HR`) VALUES ('3108', 'MUMBAI', 'JAIPUR', '26');
INSERT INTO `bus_journey_hr` (`BUS_ID`, `UP_STATION`, `DOWN_STATION`, `JOURNEY_HR`) VALUES ('3109', 'MUMBAI', 'JAIPUR', '24');
INSERT INTO `bus_journey_hr` (`BUS_ID`, `UP_STATION`, `DOWN_STATION`, `JOURNEY_HR`) VALUES ('3110', 'MUMBAI', 'BHOPAL', '16');
INSERT INTO `bus_journey_hr` (`BUS_ID`, `UP_STATION`, `DOWN_STATION`, `JOURNEY_HR`) VALUES ('3111', 'MUMBAI', 'BHOPAL', '18');
INSERT INTO `bus_journey_hr` (`BUS_ID`, `UP_STATION`, `DOWN_STATION`, `JOURNEY_HR`) VALUES ('3112', 'MUMBAI', 'BHOPAL', '18');
INSERT INTO `bus_journey_hr` (`BUS_ID`, `UP_STATION`, `DOWN_STATION`, `JOURNEY_HR`) VALUES ('3101', 'PUNE', 'MUMBAI', '3');
INSERT INTO `bus_journey_hr` (`BUS_ID`, `UP_STATION`, `DOWN_STATION`, `JOURNEY_HR`) VALUES ('3104', 'PUNE', 'MUMBAI', '5');
INSERT INTO `bus_journey_hr` (`BUS_ID`, `UP_STATION`, `DOWN_STATION`, `JOURNEY_HR`) VALUES ('3102', 'PUNE', 'MUMBAI', '3');
INSERT INTO `bus_journey_hr` (`BUS_ID`, `UP_STATION`, `DOWN_STATION`, `JOURNEY_HR`) VALUES ('3103', 'PUNE', 'MUMBAI', '4');
INSERT INTO `bus_journey_hr` (`BUS_ID`, `UP_STATION`, `DOWN_STATION`, `JOURNEY_HR`) VALUES ('3101', 'PUNE', 'GOA', '10');
INSERT INTO `bus_journey_hr` (`BUS_ID`, `UP_STATION`, `DOWN_STATION`, `JOURNEY_HR`) VALUES ('3103', 'PUNE', 'GOA', '11');
INSERT INTO `bus_journey_hr` (`BUS_ID`, `UP_STATION`, `DOWN_STATION`, `JOURNEY_HR`) VALUES ('1104', 'PUNE', 'GOA', '12');
INSERT INTO `bus_journey_hr` (`BUS_ID`, `UP_STATION`, `DOWN_STATION`, `JOURNEY_HR`) VALUES ('3107', 'PUNE', 'AHEMDABAD', '13');
INSERT INTO `bus_journey_hr` (`BUS_ID`, `UP_STATION`, `DOWN_STATION`, `JOURNEY_HR`) VALUES ('3102', 'PUNE', 'AHEMDABAD', '15');
INSERT INTO `bus_journey_hr` (`BUS_ID`, `UP_STATION`, `DOWN_STATION`, `JOURNEY_HR`) VALUES ('1104', 'PUNE', 'AHEMDABAD', '15');
INSERT INTO `bus_journey_hr` (`BUS_ID`, `UP_STATION`, `DOWN_STATION`, `JOURNEY_HR`) VALUES ('3107', 'PUNE', 'JAIPUR', '29');
INSERT INTO `bus_journey_hr` (`BUS_ID`, `UP_STATION`, `DOWN_STATION`, `JOURNEY_HR`) VALUES ('3112', 'PUNE', 'BHOPAL', '16');
INSERT INTO `bus_journey_hr` (`BUS_ID`, `UP_STATION`, `DOWN_STATION`, `JOURNEY_HR`) VALUES ('3111', 'PUNE', 'BHOPAL', '15');
INSERT INTO `bus_journey_hr` (`BUS_ID`, `UP_STATION`, `DOWN_STATION`, `JOURNEY_HR`) VALUES ('3110', 'PUNE', 'BHOPAL', '20');
INSERT INTO `bus_journey_hr` (`BUS_ID`, `UP_STATION`, `DOWN_STATION`, `JOURNEY_HR`) VALUES ('1104', 'GOA', 'MUMBAI', '14');
INSERT INTO `bus_journey_hr` (`BUS_ID`, `UP_STATION`, `DOWN_STATION`, `JOURNEY_HR`) VALUES ('3101', 'GOA', 'MUMBAI', '13');
INSERT INTO `bus_journey_hr` (`BUS_ID`, `UP_STATION`, `DOWN_STATION`, `JOURNEY_HR`) VALUES ('2102', 'GOA', 'MUMBAI', '13');
INSERT INTO `bus_journey_hr` (`BUS_ID`, `UP_STATION`, `DOWN_STATION`, `JOURNEY_HR`) VALUES ('1104', 'GOA', 'PUNE', '11');
INSERT INTO `bus_journey_hr` (`BUS_ID`, `UP_STATION`, `DOWN_STATION`, `JOURNEY_HR`) VALUES ('3103', 'GOA', 'PUNE', '11');
INSERT INTO `bus_journey_hr` (`BUS_ID`, `UP_STATION`, `DOWN_STATION`, `JOURNEY_HR`) VALUES ('2102', 'GOA', 'PUNE', '11');
INSERT INTO `bus_journey_hr` (`BUS_ID`, `UP_STATION`, `DOWN_STATION`, `JOURNEY_HR`) VALUES ('3101', 'GOA', 'PUNE', '9');
INSERT INTO `bus_journey_hr` (`BUS_ID`, `UP_STATION`, `DOWN_STATION`, `JOURNEY_HR`) VALUES ('3113', 'GOA', 'AHEMDABAD', '27');
INSERT INTO `bus_journey_hr` (`BUS_ID`, `UP_STATION`, `DOWN_STATION`, `JOURNEY_HR`) VALUES ('1104', 'AHEMDABAD', 'MUMBAI', '11');
INSERT INTO `bus_journey_hr` (`BUS_ID`, `UP_STATION`, `DOWN_STATION`, `JOURNEY_HR`) VALUES ('3107', 'AHEMDABAD', 'MUMBAI', '11');
INSERT INTO `bus_journey_hr` (`BUS_ID`, `UP_STATION`, `DOWN_STATION`, `JOURNEY_HR`) VALUES ('3105', 'AHEMDABAD', 'MUMBAI', '10');
INSERT INTO `bus_journey_hr` (`BUS_ID`, `UP_STATION`, `DOWN_STATION`, `JOURNEY_HR`) VALUES ('3106', 'AHEMDABAD', 'MUMBAI', '11');
INSERT INTO `bus_journey_hr` (`BUS_ID`, `UP_STATION`, `DOWN_STATION`, `JOURNEY_HR`) VALUES ('3107', 'AHEMDABAD', 'PUNE', '16');
INSERT INTO `bus_journey_hr` (`BUS_ID`, `UP_STATION`, `DOWN_STATION`, `JOURNEY_HR`) VALUES ('3102', 'AHEMDABAD', 'PUNE', '14');
INSERT INTO `bus_journey_hr` (`BUS_ID`, `UP_STATION`, `DOWN_STATION`, `JOURNEY_HR`) VALUES ('3113', 'AHEMDABAD', 'PUNE', '15');
INSERT INTO `bus_journey_hr` (`BUS_ID`, `UP_STATION`, `DOWN_STATION`, `JOURNEY_HR`) VALUES ('3101', 'AHEMDABAD', 'PUNE', '13');
INSERT INTO `bus_journey_hr` (`BUS_ID`, `UP_STATION`, `DOWN_STATION`, `JOURNEY_HR`) VALUES ('3113', 'AHEMDABAD', 'GOA', '25');
INSERT INTO `bus_journey_hr` (`BUS_ID`, `UP_STATION`, `DOWN_STATION`, `JOURNEY_HR`) VALUES ('3107', 'AHEMDABAD', 'JAIPUR', '13');
INSERT INTO `bus_journey_hr` (`BUS_ID`, `UP_STATION`, `DOWN_STATION`, `JOURNEY_HR`) VALUES ('3109', 'AHEMDABAD', 'JAIPUR', '15');
INSERT INTO `bus_journey_hr` (`BUS_ID`, `UP_STATION`, `DOWN_STATION`, `JOURNEY_HR`) VALUES ('3111', 'AHEMDABAD', 'BHOPAL', '13');
INSERT INTO `bus_journey_hr` (`BUS_ID`, `UP_STATION`, `DOWN_STATION`, `JOURNEY_HR`) VALUES ('1101', 'AHEMDABAD', 'BHOPAL', '11');
INSERT INTO `bus_journey_hr` (`BUS_ID`, `UP_STATION`, `DOWN_STATION`, `JOURNEY_HR`) VALUES ('3109', 'JAIPUR', 'MUMBAI', '25');
INSERT INTO `bus_journey_hr` (`BUS_ID`, `UP_STATION`, `DOWN_STATION`, `JOURNEY_HR`) VALUES ('3110', 'JAIPUR', 'MUMBAI', '38');
INSERT INTO `bus_journey_hr` (`BUS_ID`, `UP_STATION`, `DOWN_STATION`, `JOURNEY_HR`) VALUES ('3107', 'JAIPUR', 'MUMBAI', '26');
INSERT INTO `bus_journey_hr` (`BUS_ID`, `UP_STATION`, `DOWN_STATION`, `JOURNEY_HR`) VALUES ('3107', 'JAIPUR', 'PUNE', '31');
INSERT INTO `bus_journey_hr` (`BUS_ID`, `UP_STATION`, `DOWN_STATION`, `JOURNEY_HR`) VALUES ('3110', 'JAIPUR', 'PUNE', '46');
INSERT INTO `bus_journey_hr` (`BUS_ID`, `UP_STATION`, `DOWN_STATION`, `JOURNEY_HR`) VALUES ('3107', 'JAIPUR', 'AHEMDABAD', '14');
INSERT INTO `bus_journey_hr` (`BUS_ID`, `UP_STATION`, `DOWN_STATION`, `JOURNEY_HR`) VALUES ('3109', 'JAIPUR', 'AHEMDABAD', '12');
INSERT INTO `bus_journey_hr` (`BUS_ID`, `UP_STATION`, `DOWN_STATION`, `JOURNEY_HR`) VALUES ('3110', 'JAIPUR', 'AHEMDABAD', '12');
INSERT INTO `bus_journey_hr` (`BUS_ID`, `UP_STATION`, `DOWN_STATION`, `JOURNEY_HR`) VALUES ('3111', 'JAIPUR', 'BHOPAL', '11');
INSERT INTO `bus_journey_hr` (`BUS_ID`, `UP_STATION`, `DOWN_STATION`, `JOURNEY_HR`) VALUES ('3110', 'JAIPUR', 'BHOPAL', '16');
INSERT INTO `bus_journey_hr` (`BUS_ID`, `UP_STATION`, `DOWN_STATION`, `JOURNEY_HR`) VALUES ('3109', 'JAIPUR', 'BHOPAL', '12');
INSERT INTO `bus_journey_hr` (`BUS_ID`, `UP_STATION`, `DOWN_STATION`, `JOURNEY_HR`) VALUES ('3111', 'BHOPAL', 'MUMBAI', '16');
INSERT INTO `bus_journey_hr` (`BUS_ID`, `UP_STATION`, `DOWN_STATION`, `JOURNEY_HR`) VALUES ('3109', 'BHOPAL', 'MUMBAI', '14');
INSERT INTO `bus_journey_hr` (`BUS_ID`, `UP_STATION`, `DOWN_STATION`, `JOURNEY_HR`) VALUES ('3110', 'BHOPAL', 'MUMBAI', '17');
INSERT INTO `bus_journey_hr` (`BUS_ID`, `UP_STATION`, `DOWN_STATION`, `JOURNEY_HR`) VALUES ('3109', 'BHOPAL', 'PUNE', '15');
INSERT INTO `bus_journey_hr` (`BUS_ID`, `UP_STATION`, `DOWN_STATION`, `JOURNEY_HR`) VALUES ('3111', 'BHOPAL', 'PUNE', '16');
INSERT INTO `bus_journey_hr` (`BUS_ID`, `UP_STATION`, `DOWN_STATION`, `JOURNEY_HR`) VALUES ('3110', 'BHOPAL', 'PUNE', '16');
INSERT INTO `bus_journey_hr` (`BUS_ID`, `UP_STATION`, `DOWN_STATION`, `JOURNEY_HR`) VALUES ('3111', 'BHOPAL', 'AHEMDABAD', '11');
INSERT INTO `bus_journey_hr` (`BUS_ID`, `UP_STATION`, `DOWN_STATION`, `JOURNEY_HR`) VALUES ('3111', 'BHOPAL', 'AHEMDABAD', '12');
INSERT INTO `bus_journey_hr` (`BUS_ID`, `UP_STATION`, `DOWN_STATION`, `JOURNEY_HR`) VALUES ('1101', 'BHOPAL', 'AHEMDABAD', '12');
INSERT INTO `bus_journey_hr` (`BUS_ID`, `UP_STATION`, `DOWN_STATION`, `JOURNEY_HR`) VALUES ('3111', 'BHOPAL', 'JAIPUR', '10');
INSERT INTO `bus_journey_hr` (`BUS_ID`, `UP_STATION`, `DOWN_STATION`, `JOURNEY_HR`) VALUES ('3110', 'BHOPAL', 'JAIPUR', '18');

use mysqlproject;
INSERT INTO `bus_reservation` (`BUS_ID`, `SERVICE_PROVIDER`, `UP_STATION`, `DOWN_STATION`, `DEPT_DATE`, `SEAT_TYPE`, `FARE`, `SEAT_AVL`) VALUES ('1101', 'ZINGBUS BASIC', 'AMRITSAR', 'NEW DELHI', '2022-02-26', 'SLEEPER', '476', '30');
INSERT INTO `bus_reservation` (`BUS_ID`, `SERVICE_PROVIDER`, `UP_STATION`, `DOWN_STATION`, `DEPT_DATE`, `SEAT_TYPE`, `FARE`, `SEAT_AVL`) VALUES ('1101', 'ZINGBUS BASIC', 'AMRITSAR', 'NEW DELHI', '2022-02-26', 'SEATER', '397', '30');
INSERT INTO `bus_reservation` (`BUS_ID`, `SERVICE_PROVIDER`, `UP_STATION`, `DOWN_STATION`, `DEPT_DATE`, `SEAT_TYPE`, `FARE`, `SEAT_AVL`) VALUES ('1101', 'ZINGBUS BASIC', 'NEW DELHI', 'AMRITSAR', '2022-02-26', 'SLEEPER', '321', '42');
INSERT INTO `bus_reservation` (`BUS_ID`, `SERVICE_PROVIDER`, `UP_STATION`, `DOWN_STATION`, `DEPT_DATE`, `SEAT_TYPE`, `FARE`, `SEAT_AVL`) VALUES ('1101', 'ZINGBUS BASIC', 'NEW DELHI', 'AGRA', '2022-02-26', 'SEATER', '487', '31');
INSERT INTO `bus_reservation` (`BUS_ID`, `SERVICE_PROVIDER`, `UP_STATION`, `DOWN_STATION`, `DEPT_DATE`, `SEAT_TYPE`, `FARE`, `SEAT_AVL`) VALUES ('1101', 'ZINGBUS BASIC', 'NEW DELHI', 'VARANASI', '2022-02-26', 'SEATER', '488', '31');
INSERT INTO `bus_reservation` (`BUS_ID`, `SERVICE_PROVIDER`, `UP_STATION`, `DOWN_STATION`, `DEPT_DATE`, `SEAT_TYPE`, `FARE`, `SEAT_AVL`) VALUES ('1101', 'ZINGBUS BASIC', 'AGRA', 'NEW DELHI', '2022-02-26', 'SLEEPER', '952', '30');
INSERT INTO `bus_reservation` (`BUS_ID`, `SERVICE_PROVIDER`, `UP_STATION`, `DOWN_STATION`, `DEPT_DATE`, `SEAT_TYPE`, `FARE`, `SEAT_AVL`) VALUES ('1101', 'ZINGBUS BASIC', 'AGRA', 'VARANASI', '2022-02-26', 'SEATER', '499', '30');
INSERT INTO `bus_reservation` (`BUS_ID`, `SERVICE_PROVIDER`, `UP_STATION`, `DOWN_STATION`, `DEPT_DATE`, `SEAT_TYPE`, `FARE`, `SEAT_AVL`) VALUES ('1101', 'ZINGBUS BASIC', 'AGRA', 'VARANASI', '2022-02-27', 'SLEEPER', '896', '29');
INSERT INTO `bus_reservation` (`BUS_ID`, `SERVICE_PROVIDER`, `UP_STATION`, `DOWN_STATION`, `DEPT_DATE`, `SEAT_TYPE`, `FARE`, `SEAT_AVL`) VALUES ('1101', 'ZINGBUS BASIC', 'VARANASI', 'NEW DELHI', '2022-02-26', 'SEATER', '487', '30');
INSERT INTO `bus_reservation` (`BUS_ID`, `SERVICE_PROVIDER`, `UP_STATION`, `DOWN_STATION`, `DEPT_DATE`, `SEAT_TYPE`, `FARE`, `SEAT_AVL`) VALUES ('1101', 'ZINGBUS BASIC', 'VARANASI', 'NEW DELHI', '2022-02-26', 'SLEEPER', '952', '30');
INSERT INTO `bus_reservation` (`BUS_ID`, `SERVICE_PROVIDER`, `UP_STATION`, `DOWN_STATION`, `DEPT_DATE`, `SEAT_TYPE`, `FARE`, `SEAT_AVL`) VALUES ('1101', 'ZINGBUS BASIC', 'VARANASI', 'AGRA', '2022-02-26', 'SEATER', '590', '30');
INSERT INTO `bus_reservation` (`BUS_ID`, `SERVICE_PROVIDER`, `UP_STATION`, `DOWN_STATION`, `DEPT_DATE`, `SEAT_TYPE`, `FARE`, `SEAT_AVL`) VALUES ('1101', 'ZINGBUS BASIC', 'VARANASI', 'AGRA', '2022-02-26', 'SLEEPER', '952', '29');
INSERT INTO `bus_reservation` (`BUS_ID`, `SERVICE_PROVIDER`, `UP_STATION`, `DOWN_STATION`, `DEPT_DATE`, `SEAT_TYPE`, `FARE`, `SEAT_AVL`) VALUES ('1101', 'ZINGBUS BASIC', 'AHEMDABAD', 'BHOPAL', '2022-02-27', 'SLEEPER', '1000', '24');
INSERT INTO `bus_reservation` (`BUS_ID`, `SERVICE_PROVIDER`, `UP_STATION`, `DOWN_STATION`, `DEPT_DATE`, `SEAT_TYPE`, `FARE`, `SEAT_AVL`) VALUES ('1101', 'ZINGBUS BASIC', 'BHOPAL', 'AHEMDABAD', '2022-02-27', 'SEATER', '952', '24');
INSERT INTO `bus_reservation` (`BUS_ID`, `SERVICE_PROVIDER`, `UP_STATION`, `DOWN_STATION`, `DEPT_DATE`, `SEAT_TYPE`, `FARE`, `SEAT_AVL`) VALUES ('1102', 'LAXMI HOLIDAYS', 'AMRITSAR', 'NEW DELHI', '2022-02-26', 'SLEEPER', '499', '36');
INSERT INTO `bus_reservation` (`BUS_ID`, `SERVICE_PROVIDER`, `UP_STATION`, `DOWN_STATION`, `DEPT_DATE`, `SEAT_TYPE`, `FARE`, `SEAT_AVL`) VALUES ('1102', 'LAXMI HOLIDAYS', 'NEW DELHI', 'AMRITSAR', '2022-02-27', 'SLEEPER', '599', '42');
INSERT INTO `bus_reservation` (`BUS_ID`, `SERVICE_PROVIDER`, `UP_STATION`, `DOWN_STATION`, `DEPT_DATE`, `SEAT_TYPE`, `FARE`, `SEAT_AVL`) VALUES ('1102', 'LAXMI HOLIDAYS', 'NEW DELHI', 'AGRA', '2022-02-26', 'SEATER', '499', '22');
INSERT INTO `bus_reservation` (`BUS_ID`, `SERVICE_PROVIDER`, `UP_STATION`, `DOWN_STATION`, `DEPT_DATE`, `SEAT_TYPE`, `FARE`, `SEAT_AVL`) VALUES ('1102', 'LAXMI HOLIDAYS', 'NEW DELHI', 'VARANASI', '2022-02-26', 'SEATER', '487', '22');
INSERT INTO `bus_reservation` (`BUS_ID`, `SERVICE_PROVIDER`, `UP_STATION`, `DOWN_STATION`, `DEPT_DATE`, `SEAT_TYPE`, `FARE`, `SEAT_AVL`) VALUES ('1102', 'LAXMI HOLIDAYS', 'AGRA', 'NEW DELHI', '2022-02-26', 'SLEEPER', '838', '22');
INSERT INTO `bus_reservation` (`BUS_ID`, `SERVICE_PROVIDER`, `UP_STATION`, `DOWN_STATION`, `DEPT_DATE`, `SEAT_TYPE`, `FARE`, `SEAT_AVL`) VALUES ('1102', 'LAXMI HOLIDAYS', 'VARANASI', 'NEW DELHI', '2022-02-26', 'SLEEPER', '952', '54');
INSERT INTO `bus_reservation` (`BUS_ID`, `SERVICE_PROVIDER`, `UP_STATION`, `DOWN_STATION`, `DEPT_DATE`, `SEAT_TYPE`, `FARE`, `SEAT_AVL`) VALUES ('1102', 'LAXMI HOLIDAYS', 'VARANASI', 'AGRA', '2022-02-26', 'SEATER', '590', '54');
INSERT INTO `bus_reservation` (`BUS_ID`, `SERVICE_PROVIDER`, `UP_STATION`, `DOWN_STATION`, `DEPT_DATE`, `SEAT_TYPE`, `FARE`, `SEAT_AVL`) VALUES ('1103', 'ZINGBUS', 'AMRITSAR', 'NEW DELHI', '2022-02-26', 'SLEEPER', '697', '34');
INSERT INTO `bus_reservation` (`BUS_ID`, `SERVICE_PROVIDER`, `UP_STATION`, `DOWN_STATION`, `DEPT_DATE`, `SEAT_TYPE`, `FARE`, `SEAT_AVL`) VALUES ('1103', 'ZINGBUS', 'AMRITSAR', 'NEW DELHI', '2022-02-26', 'SEATER', '444', '29');
INSERT INTO `bus_reservation` (`BUS_ID`, `SERVICE_PROVIDER`, `UP_STATION`, `DOWN_STATION`, `DEPT_DATE`, `SEAT_TYPE`, `FARE`, `SEAT_AVL`) VALUES ('1103', 'ZINGBUS', 'AMRITSAR', 'NEW DELHI', '2022-02-27', 'SLEEPER', '697', '22');
INSERT INTO `bus_reservation` (`BUS_ID`, `SERVICE_PROVIDER`, `UP_STATION`, `DOWN_STATION`, `DEPT_DATE`, `SEAT_TYPE`, `FARE`, `SEAT_AVL`) VALUES ('1103', 'ZINGBUS', 'AMRITSAR', 'NEW DELHI', '2022-02-27', 'SEATER', '444', '29');
INSERT INTO `bus_reservation` (`BUS_ID`, `SERVICE_PROVIDER`, `UP_STATION`, `DOWN_STATION`, `DEPT_DATE`, `SEAT_TYPE`, `FARE`, `SEAT_AVL`) VALUES ('1103', 'ZINGBUS', 'NEW DELHI', 'AGRA', '2022-02-26', 'SEATER', '488', '29');
INSERT INTO `bus_reservation` (`BUS_ID`, `SERVICE_PROVIDER`, `UP_STATION`, `DOWN_STATION`, `DEPT_DATE`, `SEAT_TYPE`, `FARE`, `SEAT_AVL`) VALUES ('1103', 'ZINGBUS', 'AGRA', 'NEW DELHI', '2022-02-26', 'SLEEPER', '838', '31');
INSERT INTO `bus_reservation` (`BUS_ID`, `SERVICE_PROVIDER`, `UP_STATION`, `DOWN_STATION`, `DEPT_DATE`, `SEAT_TYPE`, `FARE`, `SEAT_AVL`) VALUES ('1104', 'INTRCITY SMARTBUS', 'AMRITSAR', 'NEW DELHI', '2022-02-25', 'SLEEPER', '850', '42');
INSERT INTO `bus_reservation` (`BUS_ID`, `SERVICE_PROVIDER`, `UP_STATION`, `DOWN_STATION`, `DEPT_DATE`, `SEAT_TYPE`, `FARE`, `SEAT_AVL`) VALUES ('1104', 'INTRCITY SMARTBUS', 'AMRITSAR', 'NEW DELHI', '2022-02-25', 'SEATER', '683', '44');
INSERT INTO `bus_reservation` (`BUS_ID`, `SERVICE_PROVIDER`, `UP_STATION`, `DOWN_STATION`, `DEPT_DATE`, `SEAT_TYPE`, `FARE`, `SEAT_AVL`) VALUES ('1104', 'INTRCITY SMARTBUS', 'AMRITSAR', 'NEW DELHI', '2022-02-26', 'SLEEPER', '850', '34');
INSERT INTO `bus_reservation` (`BUS_ID`, `SERVICE_PROVIDER`, `UP_STATION`, `DOWN_STATION`, `DEPT_DATE`, `SEAT_TYPE`, `FARE`, `SEAT_AVL`) VALUES ('1104', 'INTRCITY SMARTBUS', 'AMRITSAR', 'NEW DELHI', '2022-02-26', 'SEATER', '683', '38');
INSERT INTO `bus_reservation` (`BUS_ID`, `SERVICE_PROVIDER`, `UP_STATION`, `DOWN_STATION`, `DEPT_DATE`, `SEAT_TYPE`, `FARE`, `SEAT_AVL`) VALUES ('1104', 'INTRCITY SMARTBUS', 'AMRITSAR', 'NEW DELHI', '2022-02-27', 'SEATER', '683', '34');
INSERT INTO `bus_reservation` (`BUS_ID`, `SERVICE_PROVIDER`, `UP_STATION`, `DOWN_STATION`, `DEPT_DATE`, `SEAT_TYPE`, `FARE`, `SEAT_AVL`) VALUES ('1104', 'INTRCITY SMARTBUS', 'AMRITSAR', 'NEW DELHI', '2022-02-27', 'SLEEPER', '850', '30');
INSERT INTO `bus_reservation` (`BUS_ID`, `SERVICE_PROVIDER`, `UP_STATION`, `DOWN_STATION`, `DEPT_DATE`, `SEAT_TYPE`, `FARE`, `SEAT_AVL`) VALUES ('1104', 'INTRCITY SMARTBUS', 'NEW DELHI', 'AMRITSAR', '2022-02-27', 'SLEEPER', '850', '37');
INSERT INTO `bus_reservation` (`BUS_ID`, `SERVICE_PROVIDER`, `UP_STATION`, `DOWN_STATION`, `DEPT_DATE`, `SEAT_TYPE`, `FARE`, `SEAT_AVL`) VALUES ('1104', 'INTRCITY SMARTBUS', 'NEW DELHI', 'AGRA', '2022-02-27', 'SLEEPER', '838', '42');
INSERT INTO `bus_reservation` (`BUS_ID`, `SERVICE_PROVIDER`, `UP_STATION`, `DOWN_STATION`, `DEPT_DATE`, `SEAT_TYPE`, `FARE`, `SEAT_AVL`) VALUES ('1104', 'INTRCITY SMARTBUS', 'CHENNAI', 'BENGALURU', '2022-02-26', 'SLEEPER', '899', '30');
INSERT INTO `bus_reservation` (`BUS_ID`, `SERVICE_PROVIDER`, `UP_STATION`, `DOWN_STATION`, `DEPT_DATE`, `SEAT_TYPE`, `FARE`, `SEAT_AVL`) VALUES ('1104', 'INTRCITY SMARTBUS', 'CHENNAI', 'HYDERABAD', '2022-02-26', 'SLEEPER', '1550', '30');
INSERT INTO `bus_reservation` (`BUS_ID`, `SERVICE_PROVIDER`, `UP_STATION`, `DOWN_STATION`, `DEPT_DATE`, `SEAT_TYPE`, `FARE`, `SEAT_AVL`) VALUES ('1104', 'INTRCITY SMARTBUS', 'CHENNAI', 'MADURAI', '2022-02-26', 'SLEEPER', '1000', '34');
INSERT INTO `bus_reservation` (`BUS_ID`, `SERVICE_PROVIDER`, `UP_STATION`, `DOWN_STATION`, `DEPT_DATE`, `SEAT_TYPE`, `FARE`, `SEAT_AVL`) VALUES ('1104', 'INTRCITY SMARTBUS', 'BENGALURU', 'HYDERABAD', '2022-02-26', 'SLEEPER', '1400', '30');
INSERT INTO `bus_reservation` (`BUS_ID`, `SERVICE_PROVIDER`, `UP_STATION`, `DOWN_STATION`, `DEPT_DATE`, `SEAT_TYPE`, `FARE`, `SEAT_AVL`) VALUES ('1104', 'INTRCITY SMARTBUS', 'BENGALURU', 'MADURAI', '2022-02-27', 'SLEEPER', '840', '30');
INSERT INTO `bus_reservation` (`BUS_ID`, `SERVICE_PROVIDER`, `UP_STATION`, `DOWN_STATION`, `DEPT_DATE`, `SEAT_TYPE`, `FARE`, `SEAT_AVL`) VALUES ('1104', 'INTRCITY SMARTBUS', 'HYDERABAD', 'CHENNAI', '2022-02-26', 'SLEEPER', '1650', '30');
INSERT INTO `bus_reservation` (`BUS_ID`, `SERVICE_PROVIDER`, `UP_STATION`, `DOWN_STATION`, `DEPT_DATE`, `SEAT_TYPE`, `FARE`, `SEAT_AVL`) VALUES ('1104', 'INTRCITY SMARTBUS', 'HYDERABAD', 'BENGALURU', '2022-02-27', 'SEATER', '909', '39');
INSERT INTO `bus_reservation` (`BUS_ID`, `SERVICE_PROVIDER`, `UP_STATION`, `DOWN_STATION`, `DEPT_DATE`, `SEAT_TYPE`, `FARE`, `SEAT_AVL`) VALUES ('1104', 'INTRCITY SMARTBUS', 'MADURAI', 'CHENNAI', '2022-02-26', 'SLEEPER', '1000', '36');
INSERT INTO `bus_reservation` (`BUS_ID`, `SERVICE_PROVIDER`, `UP_STATION`, `DOWN_STATION`, `DEPT_DATE`, `SEAT_TYPE`, `FARE`, `SEAT_AVL`) VALUES ('1104', 'INTRCITY SMARTBUS', 'MADURAI', 'BENGALURU', '2022-02-27', 'SLEEPER', '1000', '30');
INSERT INTO `bus_reservation` (`BUS_ID`, `SERVICE_PROVIDER`, `UP_STATION`, `DOWN_STATION`, `DEPT_DATE`, `SEAT_TYPE`, `FARE`, `SEAT_AVL`) VALUES ('1104', 'INTRCITY SMARTBUS', 'MUMBAI', 'PUNE', '2022-02-27', 'SLEEPER', '1500', '30');
INSERT INTO `bus_reservation` (`BUS_ID`, `SERVICE_PROVIDER`, `UP_STATION`, `DOWN_STATION`, `DEPT_DATE`, `SEAT_TYPE`, `FARE`, `SEAT_AVL`) VALUES ('1104', 'INTRCITY SMARTBUS', 'MUMBAI', 'GOA', '2022-02-26', 'SLEEPER', '1500', '25');
INSERT INTO `bus_reservation` (`BUS_ID`, `SERVICE_PROVIDER`, `UP_STATION`, `DOWN_STATION`, `DEPT_DATE`, `SEAT_TYPE`, `FARE`, `SEAT_AVL`) VALUES ('1104', 'INTRCITY SMARTBUS', 'MUMBAI', 'GOA', '2022-02-27', 'SLEEPER', '1500', '30');
INSERT INTO `bus_reservation` (`BUS_ID`, `SERVICE_PROVIDER`, `UP_STATION`, `DOWN_STATION`, `DEPT_DATE`, `SEAT_TYPE`, `FARE`, `SEAT_AVL`) VALUES ('1104', 'INTRCITY SMARTBUS', 'MUMBAI', 'AHEMDABAD', '2022-02-27', 'SLEEPER', '1729', '30');
INSERT INTO `bus_reservation` (`BUS_ID`, `SERVICE_PROVIDER`, `UP_STATION`, `DOWN_STATION`, `DEPT_DATE`, `SEAT_TYPE`, `FARE`, `SEAT_AVL`) VALUES ('1104', 'INTRCITY SMARTBUS', 'PUNE', 'GOA', '2022-02-27', 'SLEEPER', '1733', '25');
INSERT INTO `bus_reservation` (`BUS_ID`, `SERVICE_PROVIDER`, `UP_STATION`, `DOWN_STATION`, `DEPT_DATE`, `SEAT_TYPE`, `FARE`, `SEAT_AVL`) VALUES ('1104', 'INTRCITY SMARTBUS', 'PUNE', 'AHEMDABAD', '2022-02-27', 'SLEEPER', '1500', '30');
INSERT INTO `bus_reservation` (`BUS_ID`, `SERVICE_PROVIDER`, `UP_STATION`, `DOWN_STATION`, `DEPT_DATE`, `SEAT_TYPE`, `FARE`, `SEAT_AVL`) VALUES ('1104', 'INTRCITY SMARTBUS', 'GOA', 'MUMBAI', '2022-02-27', 'SLEEPER', '1250', '30');
INSERT INTO `bus_reservation` (`BUS_ID`, `SERVICE_PROVIDER`, `UP_STATION`, `DOWN_STATION`, `DEPT_DATE`, `SEAT_TYPE`, `FARE`, `SEAT_AVL`) VALUES ('1104', 'INTRCITY SMARTBUS', 'GOA', 'PUNE', '2022-02-27', 'SLEEPER', '1259', '30');
INSERT INTO `bus_reservation` (`BUS_ID`, `SERVICE_PROVIDER`, `UP_STATION`, `DOWN_STATION`, `DEPT_DATE`, `SEAT_TYPE`, `FARE`, `SEAT_AVL`) VALUES ('1104', 'INTRCITY SMARTBUS', 'AHEMDABAD', 'MUMBAI', '2022-02-27', 'SLEEPER', '1500', '30');
INSERT INTO `bus_reservation` (`BUS_ID`, `SERVICE_PROVIDER`, `UP_STATION`, `DOWN_STATION`, `DEPT_DATE`, `SEAT_TYPE`, `FARE`, `SEAT_AVL`) VALUES ('2101', 'SEABIRD TOURIST', 'CHENNAI', 'BENGALURU', '2022-02-26', 'SEATER', '600', '52');
INSERT INTO `bus_reservation` (`BUS_ID`, `SERVICE_PROVIDER`, `UP_STATION`, `DOWN_STATION`, `DEPT_DATE`, `SEAT_TYPE`, `FARE`, `SEAT_AVL`) VALUES ('2102', 'NATIONAL TRAVELS', 'CHENNAI', 'BENGALURU', '2022-02-26', 'SEATER', '600', '29');
INSERT INTO `bus_reservation` (`BUS_ID`, `SERVICE_PROVIDER`, `UP_STATION`, `DOWN_STATION`, `DEPT_DATE`, `SEAT_TYPE`, `FARE`, `SEAT_AVL`) VALUES ('2102', 'NATIONAL TRAVELS', 'CHENNAI', 'MADURAI', '2022-02-27', 'SLEEPER', '999', '20');
INSERT INTO `bus_reservation` (`BUS_ID`, `SERVICE_PROVIDER`, `UP_STATION`, `DOWN_STATION`, `DEPT_DATE`, `SEAT_TYPE`, `FARE`, `SEAT_AVL`) VALUES ('2102', 'NATIONAL TRAVELS', 'BENGALURU', 'CHENNAI', '2022-02-26', 'SEATER', '600', '23');
INSERT INTO `bus_reservation` (`BUS_ID`, `SERVICE_PROVIDER`, `UP_STATION`, `DOWN_STATION`, `DEPT_DATE`, `SEAT_TYPE`, `FARE`, `SEAT_AVL`) VALUES ('2102', 'NATIONAL TRAVELS', 'BENGALURU', 'HYDERABAD', '2022-02-26', 'SEATER', '762', '53');
INSERT INTO `bus_reservation` (`BUS_ID`, `SERVICE_PROVIDER`, `UP_STATION`, `DOWN_STATION`, `DEPT_DATE`, `SEAT_TYPE`, `FARE`, `SEAT_AVL`) VALUES ('2102', 'NATIONAL TRAVELS', 'BENGALURU', 'MADURAI', '2022-02-27', 'SLEEPER', '865', '20');
INSERT INTO `bus_reservation` (`BUS_ID`, `SERVICE_PROVIDER`, `UP_STATION`, `DOWN_STATION`, `DEPT_DATE`, `SEAT_TYPE`, `FARE`, `SEAT_AVL`) VALUES ('2102', 'NATIONAL TRAVELS', 'MADURAI', 'CHENNAI', '2022-02-26', 'SLEEPER', '980', '27');
INSERT INTO `bus_reservation` (`BUS_ID`, `SERVICE_PROVIDER`, `UP_STATION`, `DOWN_STATION`, `DEPT_DATE`, `SEAT_TYPE`, `FARE`, `SEAT_AVL`) VALUES ('2102', 'NATIONAL TRAVELS', 'MADURAI', 'BENGALURU', '2022-02-27', 'SEATER', '800', '24');
INSERT INTO `bus_reservation` (`BUS_ID`, `SERVICE_PROVIDER`, `UP_STATION`, `DOWN_STATION`, `DEPT_DATE`, `SEAT_TYPE`, `FARE`, `SEAT_AVL`) VALUES ('2102', 'NATIONAL TRAVELS', 'GOA', 'MUMBAI', '2022-02-26', 'SLEEPER', '1190', '25');
INSERT INTO `bus_reservation` (`BUS_ID`, `SERVICE_PROVIDER`, `UP_STATION`, `DOWN_STATION`, `DEPT_DATE`, `SEAT_TYPE`, `FARE`, `SEAT_AVL`) VALUES ('2102', 'NATIONAL TRAVELS', 'GOA', 'PUNE', '2022-02-27', 'SLEEPER', '2200', '30');
INSERT INTO `bus_reservation` (`BUS_ID`, `SERVICE_PROVIDER`, `UP_STATION`, `DOWN_STATION`, `DEPT_DATE`, `SEAT_TYPE`, `FARE`, `SEAT_AVL`) VALUES ('2103', 'GREEN LINE TRAVELS', 'CHENNAI', 'BENGALURU', '2022-02-26', 'SEATER', '600', '25');
INSERT INTO `bus_reservation` (`BUS_ID`, `SERVICE_PROVIDER`, `UP_STATION`, `DOWN_STATION`, `DEPT_DATE`, `SEAT_TYPE`, `FARE`, `SEAT_AVL`) VALUES ('2103', 'GREEN LINE TRAVELS', 'BENGALURU', 'CHENNAI', '2022-02-26', 'SLEEPER', '700', '25');
INSERT INTO `bus_reservation` (`BUS_ID`, `SERVICE_PROVIDER`, `UP_STATION`, `DOWN_STATION`, `DEPT_DATE`, `SEAT_TYPE`, `FARE`, `SEAT_AVL`) VALUES ('2103', 'GREEN LINE TRAVELS', 'HYDERABAD', 'BENGALURU', '2022-02-27', 'SEATER', '650', '26');
INSERT INTO `bus_reservation` (`BUS_ID`, `SERVICE_PROVIDER`, `UP_STATION`, `DOWN_STATION`, `DEPT_DATE`, `SEAT_TYPE`, `FARE`, `SEAT_AVL`) VALUES ('2103', 'GREEN LINE TRAVELS', 'MADURAI', 'BENGALURU', '2022-02-27', 'SLEEPER', '710', '26');
INSERT INTO `bus_reservation` (`BUS_ID`, `SERVICE_PROVIDER`, `UP_STATION`, `DOWN_STATION`, `DEPT_DATE`, `SEAT_TYPE`, `FARE`, `SEAT_AVL`) VALUES ('2104', 'ORANGE TOURS AND TRAVELS', 'CHENNAI', 'HYDERABAD', '2022-02-26', 'SLEEPER', '1600', '34');
INSERT INTO `bus_reservation` (`BUS_ID`, `SERVICE_PROVIDER`, `UP_STATION`, `DOWN_STATION`, `DEPT_DATE`, `SEAT_TYPE`, `FARE`, `SEAT_AVL`) VALUES ('2104', 'ORANGE TOURS AND TRAVELS', 'CHENNAI', 'MADURAI', '2022-02-27', 'SLEEPER', '900', '36');
INSERT INTO `bus_reservation` (`BUS_ID`, `SERVICE_PROVIDER`, `UP_STATION`, `DOWN_STATION`, `DEPT_DATE`, `SEAT_TYPE`, `FARE`, `SEAT_AVL`) VALUES ('2104', 'ORANGE TOURS AND TRAVELS', 'BENGALURU', 'HYDERABAD', '2022-02-26', 'SEATER', '750', '40');
INSERT INTO `bus_reservation` (`BUS_ID`, `SERVICE_PROVIDER`, `UP_STATION`, `DOWN_STATION`, `DEPT_DATE`, `SEAT_TYPE`, `FARE`, `SEAT_AVL`) VALUES ('2104', 'ORANGE TOURS AND TRAVELS', 'BENGALURU', 'MADURAI', '2022-02-26', 'SLEEPER', '832', '41');
INSERT INTO `bus_reservation` (`BUS_ID`, `SERVICE_PROVIDER`, `UP_STATION`, `DOWN_STATION`, `DEPT_DATE`, `SEAT_TYPE`, `FARE`, `SEAT_AVL`) VALUES ('2104', 'ORANGE TOURS AND TRAVELS', 'HYDERABAD', 'CHENNAI', '2022-02-27', 'SLEEPER', '1599', '28');
INSERT INTO `bus_reservation` (`BUS_ID`, `SERVICE_PROVIDER`, `UP_STATION`, `DOWN_STATION`, `DEPT_DATE`, `SEAT_TYPE`, `FARE`, `SEAT_AVL`) VALUES ('2104', 'ORANGE TOURS AND TRAVELS', 'HYDERABAD', 'CHENNAI', '2022-02-26', 'SLEEPER', '1599', '35');
INSERT INTO `bus_reservation` (`BUS_ID`, `SERVICE_PROVIDER`, `UP_STATION`, `DOWN_STATION`, `DEPT_DATE`, `SEAT_TYPE`, `FARE`, `SEAT_AVL`) VALUES ('2104', 'ORANGE TOURS AND TRAVELS', 'HYDERABAD', 'BENGALURU', '2022-02-27', 'SLEEPER', '1200', '47');
INSERT INTO `bus_reservation` (`BUS_ID`, `SERVICE_PROVIDER`, `UP_STATION`, `DOWN_STATION`, `DEPT_DATE`, `SEAT_TYPE`, `FARE`, `SEAT_AVL`) VALUES ('2104', 'ORANGE TOURS AND TRAVELS', 'HYDERABAD', 'MADURAI', '2022-02-26', 'SLEEPER', '1300', '39');
INSERT INTO `bus_reservation` (`BUS_ID`, `SERVICE_PROVIDER`, `UP_STATION`, `DOWN_STATION`, `DEPT_DATE`, `SEAT_TYPE`, `FARE`, `SEAT_AVL`) VALUES ('2104', 'ORANGE TOURS AND TRAVELS', 'HYDERABAD', 'MADURAI', '2022-02-27', 'SLEEPER', '130', '28');
INSERT INTO `bus_reservation` (`BUS_ID`, `SERVICE_PROVIDER`, `UP_STATION`, `DOWN_STATION`, `DEPT_DATE`, `SEAT_TYPE`, `FARE`, `SEAT_AVL`) VALUES ('2104', 'ORANGE TOURS AND TRAVELS', 'MADURAI', 'CHENNAI', '2022-02-26', 'SLEEPER', '900', '36');
INSERT INTO `bus_reservation` (`BUS_ID`, `SERVICE_PROVIDER`, `UP_STATION`, `DOWN_STATION`, `DEPT_DATE`, `SEAT_TYPE`, `FARE`, `SEAT_AVL`) VALUES ('2104', 'ORANGE TOURS AND TRAVELS', 'MADURAI', 'BENGALURU', '2022-02-27', 'SLEEPER', '1000', '25');
INSERT INTO `bus_reservation` (`BUS_ID`, `SERVICE_PROVIDER`, `UP_STATION`, `DOWN_STATION`, `DEPT_DATE`, `SEAT_TYPE`, `FARE`, `SEAT_AVL`) VALUES ('2104', 'ORANGE TOURS AND TRAVELS', 'MADURAI', 'HYDERABAD', '2022-02-26', 'SLEEPER', '1800', '38');
INSERT INTO `bus_reservation` (`BUS_ID`, `SERVICE_PROVIDER`, `UP_STATION`, `DOWN_STATION`, `DEPT_DATE`, `SEAT_TYPE`, `FARE`, `SEAT_AVL`) VALUES ('2104', 'ORANGE TOURS AND TRAVELS', 'MADURAI', 'HYDERABAD', '2022-02-27', 'SLEEPER', '1800', '29');
INSERT INTO `bus_reservation` (`BUS_ID`, `SERVICE_PROVIDER`, `UP_STATION`, `DOWN_STATION`, `DEPT_DATE`, `SEAT_TYPE`, `FARE`, `SEAT_AVL`) VALUES ('3101', 'VRL TRAVELS', 'MUMBAI', 'PUNE', '2022-02-26', 'SEATER', '333', '28');
INSERT INTO `bus_reservation` (`BUS_ID`, `SERVICE_PROVIDER`, `UP_STATION`, `DOWN_STATION`, `DEPT_DATE`, `SEAT_TYPE`, `FARE`, `SEAT_AVL`) VALUES ('3101', 'VRL TRAVELS', 'MUMBAI', 'AHEMDABAD', '2022-02-26', 'SLEEPER', '2800', '35');
INSERT INTO `bus_reservation` (`BUS_ID`, `SERVICE_PROVIDER`, `UP_STATION`, `DOWN_STATION`, `DEPT_DATE`, `SEAT_TYPE`, `FARE`, `SEAT_AVL`) VALUES ('3101', 'VRL TRAVELS', 'PUNE', 'MUMBAI', '2022-02-26', 'SLEEPER', '1500', '30');
INSERT INTO `bus_reservation` (`BUS_ID`, `SERVICE_PROVIDER`, `UP_STATION`, `DOWN_STATION`, `DEPT_DATE`, `SEAT_TYPE`, `FARE`, `SEAT_AVL`) VALUES ('3101', 'VRL TRAVELS', 'PUNE', 'GOA', '2022-02-27', 'SLEEPER', '1300', '15');
INSERT INTO `bus_reservation` (`BUS_ID`, `SERVICE_PROVIDER`, `UP_STATION`, `DOWN_STATION`, `DEPT_DATE`, `SEAT_TYPE`, `FARE`, `SEAT_AVL`) VALUES ('3101', 'VRL TRAVELS', 'GOA', 'MUMBAI', '2022-02-27', 'SLEEPER', '1150', '19');
INSERT INTO `bus_reservation` (`BUS_ID`, `SERVICE_PROVIDER`, `UP_STATION`, `DOWN_STATION`, `DEPT_DATE`, `SEAT_TYPE`, `FARE`, `SEAT_AVL`) VALUES ('3101', 'VRL TRAVELS', 'GOA', 'PUNE', '2022-02-27', 'SLEEPER', '1400', '19');
INSERT INTO `bus_reservation` (`BUS_ID`, `SERVICE_PROVIDER`, `UP_STATION`, `DOWN_STATION`, `DEPT_DATE`, `SEAT_TYPE`, `FARE`, `SEAT_AVL`) VALUES ('3101', 'VRL TRAVELS', 'AHEMDABAD', 'PUNE', '2022-02-27', 'SLEEPER', '1400', '33');
INSERT INTO `bus_reservation` (`BUS_ID`, `SERVICE_PROVIDER`, `UP_STATION`, `DOWN_STATION`, `DEPT_DATE`, `SEAT_TYPE`, `FARE`, `SEAT_AVL`) VALUES ('3102', 'NEETA TRAVELS', 'MUMBAI', 'PUNE', '2022-02-26', 'SEATER', '300', '26');
INSERT INTO `bus_reservation` (`BUS_ID`, `SERVICE_PROVIDER`, `UP_STATION`, `DOWN_STATION`, `DEPT_DATE`, `SEAT_TYPE`, `FARE`, `SEAT_AVL`) VALUES ('3102', 'NEETA TRAVELS', 'PUNE', 'MUMBAI', '2022-02-26', 'SEATER', '800', '20');
INSERT INTO `bus_reservation` (`BUS_ID`, `SERVICE_PROVIDER`, `UP_STATION`, `DOWN_STATION`, `DEPT_DATE`, `SEAT_TYPE`, `FARE`, `SEAT_AVL`) VALUES ('3102', 'NEETA TRAVELS', 'PUNE', 'AHEMDABAD', '2022-02-27', 'SEATER', '990', '30');
INSERT INTO `bus_reservation` (`BUS_ID`, `SERVICE_PROVIDER`, `UP_STATION`, `DOWN_STATION`, `DEPT_DATE`, `SEAT_TYPE`, `FARE`, `SEAT_AVL`) VALUES ('3102', 'NEETA TRAVELS', 'AHEMDABAD', 'PUNE', '2022-02-27', 'SEATER', '900', '30');
INSERT INTO `bus_reservation` (`BUS_ID`, `SERVICE_PROVIDER`, `UP_STATION`, `DOWN_STATION`, `DEPT_DATE`, `SEAT_TYPE`, `FARE`, `SEAT_AVL`) VALUES ('3103', 'PRASANNA PURPLE', 'MUMBAI', 'PUNE', '2022-02-26', 'SLEEPER', '1520', '30');
INSERT INTO `bus_reservation` (`BUS_ID`, `SERVICE_PROVIDER`, `UP_STATION`, `DOWN_STATION`, `DEPT_DATE`, `SEAT_TYPE`, `FARE`, `SEAT_AVL`) VALUES ('3103', 'PRASANNA PURPLE', 'MUMBAI', 'GOA', '2022-02-27', 'SLEEPER', '1520', '30');
INSERT INTO `bus_reservation` (`BUS_ID`, `SERVICE_PROVIDER`, `UP_STATION`, `DOWN_STATION`, `DEPT_DATE`, `SEAT_TYPE`, `FARE`, `SEAT_AVL`) VALUES ('3103', 'PRASANNA PURPLE', 'PUNE', 'MUMBAI', '2022-02-26', 'SEATER', '950', '43');
INSERT INTO `bus_reservation` (`BUS_ID`, `SERVICE_PROVIDER`, `UP_STATION`, `DOWN_STATION`, `DEPT_DATE`, `SEAT_TYPE`, `FARE`, `SEAT_AVL`) VALUES ('3103', 'PRASANNA PURPLE', 'PUNE', 'GOA', '2022-02-27', 'SLEEPER', '1520', '30');
INSERT INTO `bus_reservation` (`BUS_ID`, `SERVICE_PROVIDER`, `UP_STATION`, `DOWN_STATION`, `DEPT_DATE`, `SEAT_TYPE`, `FARE`, `SEAT_AVL`) VALUES ('3103', 'PRASANNA PURPLE', 'GOA', 'PUNE', '2022-02-27', 'SLEEPER', '1020', '30');
INSERT INTO `bus_reservation` (`BUS_ID`, `SERVICE_PROVIDER`, `UP_STATION`, `DOWN_STATION`, `DEPT_DATE`, `SEAT_TYPE`, `FARE`, `SEAT_AVL`) VALUES ('3104', 'SANJAY TRAVELS', 'MUMBAI', 'PUNE', '2022-02-27', 'SLEEPER', '860', '30');
INSERT INTO `bus_reservation` (`BUS_ID`, `SERVICE_PROVIDER`, `UP_STATION`, `DOWN_STATION`, `DEPT_DATE`, `SEAT_TYPE`, `FARE`, `SEAT_AVL`) VALUES ('3104', 'SANJAY TRAVELS', 'PUNE', 'MUMBAI', '2022-02-26', 'SLEEPER', '1200', '30');
INSERT INTO `bus_reservation` (`BUS_ID`, `SERVICE_PROVIDER`, `UP_STATION`, `DOWN_STATION`, `DEPT_DATE`, `SEAT_TYPE`, `FARE`, `SEAT_AVL`) VALUES ('3105', 'MUMBAI EXPRESS', 'MUMBAI', 'AHEMDABAD', '2022-02-27', 'SEATER', '1500', '36');
INSERT INTO `bus_reservation` (`BUS_ID`, `SERVICE_PROVIDER`, `UP_STATION`, `DOWN_STATION`, `DEPT_DATE`, `SEAT_TYPE`, `FARE`, `SEAT_AVL`) VALUES ('3105', 'MUMBAI EXPRESS', 'AHEMDABAD', 'MUMBAI', '2022-02-27', 'SEATER', '1200', '36');
INSERT INTO `bus_reservation` (`BUS_ID`, `SERVICE_PROVIDER`, `UP_STATION`, `DOWN_STATION`, `DEPT_DATE`, `SEAT_TYPE`, `FARE`, `SEAT_AVL`) VALUES ('3106', 'RAJDHANI TRAVELS', 'MUMBAI', 'AHEMDABAD', '2022-02-27', 'SLEEPER', '2000', '37');
INSERT INTO `bus_reservation` (`BUS_ID`, `SERVICE_PROVIDER`, `UP_STATION`, `DOWN_STATION`, `DEPT_DATE`, `SEAT_TYPE`, `FARE`, `SEAT_AVL`) VALUES ('3106', 'RAJDHANI TRAVELS', 'AHEMDABAD', 'MUMBAI', '2022-02-27', 'SEATER', '1200', '30');
INSERT INTO `bus_reservation` (`BUS_ID`, `SERVICE_PROVIDER`, `UP_STATION`, `DOWN_STATION`, `DEPT_DATE`, `SEAT_TYPE`, `FARE`, `SEAT_AVL`) VALUES ('3107', 'GUJRAT TRAVELS', 'MUMBAI', 'JAIPUR', '2022-02-26', 'SLEEPER', '2200', '36');
INSERT INTO `bus_reservation` (`BUS_ID`, `SERVICE_PROVIDER`, `UP_STATION`, `DOWN_STATION`, `DEPT_DATE`, `SEAT_TYPE`, `FARE`, `SEAT_AVL`) VALUES ('3107', 'GUJRAT TRAVELS', 'PUNE', 'AHEMDABAD', '2022-02-27', 'SLEEPER', '1100', '34');
INSERT INTO `bus_reservation` (`BUS_ID`, `SERVICE_PROVIDER`, `UP_STATION`, `DOWN_STATION`, `DEPT_DATE`, `SEAT_TYPE`, `FARE`, `SEAT_AVL`) VALUES ('3107', 'GUJRAT TRAVELS', 'PUNE', 'JAIPUR', '2022-02-26', 'SLEEPER', '2700', '35');
INSERT INTO `bus_reservation` (`BUS_ID`, `SERVICE_PROVIDER`, `UP_STATION`, `DOWN_STATION`, `DEPT_DATE`, `SEAT_TYPE`, `FARE`, `SEAT_AVL`) VALUES ('3107', 'GUJRAT TRAVELS', 'AHEMDABAD', 'MUMBAI', '2022-02-27', 'SLEEPER', '1500', '30');
INSERT INTO `bus_reservation` (`BUS_ID`, `SERVICE_PROVIDER`, `UP_STATION`, `DOWN_STATION`, `DEPT_DATE`, `SEAT_TYPE`, `FARE`, `SEAT_AVL`) VALUES ('3107', 'GUJRAT TRAVELS', 'AHEMDABAD', 'PUNE', '2022-02-27', 'SLEEPER', '1500', '34');
INSERT INTO `bus_reservation` (`BUS_ID`, `SERVICE_PROVIDER`, `UP_STATION`, `DOWN_STATION`, `DEPT_DATE`, `SEAT_TYPE`, `FARE`, `SEAT_AVL`) VALUES ('3107', 'GUJRAT TRAVELS', 'AHEMDABAD', 'JAIPUR', '2022-02-27', 'SLEEPER', '1600', '36');
INSERT INTO `bus_reservation` (`BUS_ID`, `SERVICE_PROVIDER`, `UP_STATION`, `DOWN_STATION`, `DEPT_DATE`, `SEAT_TYPE`, `FARE`, `SEAT_AVL`) VALUES ('3107', 'GUJRAT TRAVELS', 'JAIPUR', 'MUMBAI', '2022-02-27', 'SLEEPER', '2700', '36');
INSERT INTO `bus_reservation` (`BUS_ID`, `SERVICE_PROVIDER`, `UP_STATION`, `DOWN_STATION`, `DEPT_DATE`, `SEAT_TYPE`, `FARE`, `SEAT_AVL`) VALUES ('3107', 'GUJRAT TRAVELS', 'JAIPUR', 'PUNE', '2022-02-27', 'SLEEPER', '2700', '36');
INSERT INTO `bus_reservation` (`BUS_ID`, `SERVICE_PROVIDER`, `UP_STATION`, `DOWN_STATION`, `DEPT_DATE`, `SEAT_TYPE`, `FARE`, `SEAT_AVL`) VALUES ('3107', 'GUJRAT TRAVELS', 'JAIPUR', 'AHEMDABAD', '2022-02-27', 'SLEEPER', '1000', '36');
INSERT INTO `bus_reservation` (`BUS_ID`, `SERVICE_PROVIDER`, `UP_STATION`, `DOWN_STATION`, `DEPT_DATE`, `SEAT_TYPE`, `FARE`, `SEAT_AVL`) VALUES ('3108', 'RAJAT TRAVELS', 'MUMBAI', 'JAIPUR', '2022-02-26', 'SLEEPER', '3000', '28');
INSERT INTO `bus_reservation` (`BUS_ID`, `SERVICE_PROVIDER`, `UP_STATION`, `DOWN_STATION`, `DEPT_DATE`, `SEAT_TYPE`, `FARE`, `SEAT_AVL`) VALUES ('3109', 'RAJ TRAVELS', 'MUMBAI', 'JAIPUR', '2022-02-27', 'SLEEPER', '3400', '36');
INSERT INTO `bus_reservation` (`BUS_ID`, `SERVICE_PROVIDER`, `UP_STATION`, `DOWN_STATION`, `DEPT_DATE`, `SEAT_TYPE`, `FARE`, `SEAT_AVL`) VALUES ('3109', 'RAJ TRAVELS', 'AHEMDABAD', 'JAIPUR', '2022-02-27', 'SLEEPER', '1000', '36');
INSERT INTO `bus_reservation` (`BUS_ID`, `SERVICE_PROVIDER`, `UP_STATION`, `DOWN_STATION`, `DEPT_DATE`, `SEAT_TYPE`, `FARE`, `SEAT_AVL`) VALUES ('3109', 'RAJ TRAVELS', 'JAIPUR', 'MUMBAI', '2022-02-27', 'SLEEPER', '2500', '36');
INSERT INTO `bus_reservation` (`BUS_ID`, `SERVICE_PROVIDER`, `UP_STATION`, `DOWN_STATION`, `DEPT_DATE`, `SEAT_TYPE`, `FARE`, `SEAT_AVL`) VALUES ('3109', 'RAJ TRAVELS', 'JAIPUR', 'AHEMDABAD', '2022-02-27', 'SEATER', '800', '39');
INSERT INTO `bus_reservation` (`BUS_ID`, `SERVICE_PROVIDER`, `UP_STATION`, `DOWN_STATION`, `DEPT_DATE`, `SEAT_TYPE`, `FARE`, `SEAT_AVL`) VALUES ('3109', 'RAJ TRAVELS', 'JAIPUR', 'BHOPAL', '2022-02-27', 'SEATER', '900', '34');
INSERT INTO `bus_reservation` (`BUS_ID`, `SERVICE_PROVIDER`, `UP_STATION`, `DOWN_STATION`, `DEPT_DATE`, `SEAT_TYPE`, `FARE`, `SEAT_AVL`) VALUES ('3109', 'RAJ TRAVELS', 'BHOPAL', 'MUMBAI', '2022-02-27', 'SLEEPER', '1549', '21');
INSERT INTO `bus_reservation` (`BUS_ID`, `SERVICE_PROVIDER`, `UP_STATION`, `DOWN_STATION`, `DEPT_DATE`, `SEAT_TYPE`, `FARE`, `SEAT_AVL`) VALUES ('3109', 'RAJ TRAVELS', 'BHOPAL', 'PUNE', '2022-02-27', 'SLEEPER', '1749', '35');
INSERT INTO `bus_reservation` (`BUS_ID`, `SERVICE_PROVIDER`, `UP_STATION`, `DOWN_STATION`, `DEPT_DATE`, `SEAT_TYPE`, `FARE`, `SEAT_AVL`) VALUES ('3110', 'HANS TRAVELS', 'MUMBAI', 'BHOPAL', '2022-02-26', 'SEATER', '1150', '22');
INSERT INTO `bus_reservation` (`BUS_ID`, `SERVICE_PROVIDER`, `UP_STATION`, `DOWN_STATION`, `DEPT_DATE`, `SEAT_TYPE`, `FARE`, `SEAT_AVL`) VALUES ('3110', 'HANS TRAVELS', 'PUNE', 'BHOPAL', '2022-02-26', 'SEATER', '890', '35');
INSERT INTO `bus_reservation` (`BUS_ID`, `SERVICE_PROVIDER`, `UP_STATION`, `DOWN_STATION`, `DEPT_DATE`, `SEAT_TYPE`, `FARE`, `SEAT_AVL`) VALUES ('3110', 'HANS TRAVELS', 'JAIPUR', 'MUMBAI', '2022-02-27', 'SLEEPER', '2650', '29');
INSERT INTO `bus_reservation` (`BUS_ID`, `SERVICE_PROVIDER`, `UP_STATION`, `DOWN_STATION`, `DEPT_DATE`, `SEAT_TYPE`, `FARE`, `SEAT_AVL`) VALUES ('3110', 'HANS TRAVELS', 'JAIPUR', 'PUNE', '2022-02-27', 'SLEEPER', '2650', '29');
INSERT INTO `bus_reservation` (`BUS_ID`, `SERVICE_PROVIDER`, `UP_STATION`, `DOWN_STATION`, `DEPT_DATE`, `SEAT_TYPE`, `FARE`, `SEAT_AVL`) VALUES ('3110', 'HANS TRAVELS', 'JAIPUR', 'AHEMDABAD', '2022-02-27', 'SEATER', '900', '30');
INSERT INTO `bus_reservation` (`BUS_ID`, `SERVICE_PROVIDER`, `UP_STATION`, `DOWN_STATION`, `DEPT_DATE`, `SEAT_TYPE`, `FARE`, `SEAT_AVL`) VALUES ('3110', 'HANS TRAVELS', 'JAIPUR', 'BHOPAL', '2022-02-27', 'SLEEPER', '1400', '29');
INSERT INTO `bus_reservation` (`BUS_ID`, `SERVICE_PROVIDER`, `UP_STATION`, `DOWN_STATION`, `DEPT_DATE`, `SEAT_TYPE`, `FARE`, `SEAT_AVL`) VALUES ('3110', 'HANS TRAVELS', 'BHOPAL', 'MUMBAI', '2022-02-27', 'SLEEPER', '1800', '36');
INSERT INTO `bus_reservation` (`BUS_ID`, `SERVICE_PROVIDER`, `UP_STATION`, `DOWN_STATION`, `DEPT_DATE`, `SEAT_TYPE`, `FARE`, `SEAT_AVL`) VALUES ('3110', 'HANS TRAVELS', 'BHOPAL', 'PUNE', '2022-02-26', 'SEATER', '1200', '24');
INSERT INTO `bus_reservation` (`BUS_ID`, `SERVICE_PROVIDER`, `UP_STATION`, `DOWN_STATION`, `DEPT_DATE`, `SEAT_TYPE`, `FARE`, `SEAT_AVL`) VALUES ('3110', 'HANS TRAVELS', 'BHOPAL', 'JAIPUR', '2022-02-27', 'SEATER', '650', '24');
INSERT INTO `bus_reservation` (`BUS_ID`, `SERVICE_PROVIDER`, `UP_STATION`, `DOWN_STATION`, `DEPT_DATE`, `SEAT_TYPE`, `FARE`, `SEAT_AVL`) VALUES ('3111', 'VERMA TRAVELS', 'MUMBAI', 'BHOPAL', '2022-02-26', 'SEATER', '1300', '32');
INSERT INTO `bus_reservation` (`BUS_ID`, `SERVICE_PROVIDER`, `UP_STATION`, `DOWN_STATION`, `DEPT_DATE`, `SEAT_TYPE`, `FARE`, `SEAT_AVL`) VALUES ('3111', 'VERMA TRAVELS', 'PUNE', 'BHOPAL', '2022-02-27', 'SLEEPER', '1350', '24');
INSERT INTO `bus_reservation` (`BUS_ID`, `SERVICE_PROVIDER`, `UP_STATION`, `DOWN_STATION`, `DEPT_DATE`, `SEAT_TYPE`, `FARE`, `SEAT_AVL`) VALUES ('3111', 'VERMA TRAVELS', 'AHEMDABAD', 'BHOPAL', '2022-02-27', 'SEATER', '990', '24');
INSERT INTO `bus_reservation` (`BUS_ID`, `SERVICE_PROVIDER`, `UP_STATION`, `DOWN_STATION`, `DEPT_DATE`, `SEAT_TYPE`, `FARE`, `SEAT_AVL`) VALUES ('3111', 'VERMA TRAVELS', 'JAIPUR', 'BHOPAL', '2022-02-27', 'SEATER', '600', '57');
INSERT INTO `bus_reservation` (`BUS_ID`, `SERVICE_PROVIDER`, `UP_STATION`, `DOWN_STATION`, `DEPT_DATE`, `SEAT_TYPE`, `FARE`, `SEAT_AVL`) VALUES ('3111', 'VERMA TRAVELS', 'BHOPAL', 'MUMBAI', '2022-02-27', 'SLEEPER', '1600', '22');
INSERT INTO `bus_reservation` (`BUS_ID`, `SERVICE_PROVIDER`, `UP_STATION`, `DOWN_STATION`, `DEPT_DATE`, `SEAT_TYPE`, `FARE`, `SEAT_AVL`) VALUES ('3111', 'VERMA TRAVELS', 'BHOPAL', 'PUNE', '2022-02-27', 'SEATER', '1300', '17');
INSERT INTO `bus_reservation` (`BUS_ID`, `SERVICE_PROVIDER`, `UP_STATION`, `DOWN_STATION`, `DEPT_DATE`, `SEAT_TYPE`, `FARE`, `SEAT_AVL`) VALUES ('3111', 'VERMA TRAVELS', 'BHOPAL', 'AHEMDABAD', '2022-02-26', 'SEATER', '1350', '27');
INSERT INTO `bus_reservation` (`BUS_ID`, `SERVICE_PROVIDER`, `UP_STATION`, `DOWN_STATION`, `DEPT_DATE`, `SEAT_TYPE`, `FARE`, `SEAT_AVL`) VALUES ('3111', 'VERMA TRAVELS', 'BHOPAL', 'AHEMDABAD', '2022-02-27', 'SEATER', '1350', '24');
INSERT INTO `bus_reservation` (`BUS_ID`, `SERVICE_PROVIDER`, `UP_STATION`, `DOWN_STATION`, `DEPT_DATE`, `SEAT_TYPE`, `FARE`, `SEAT_AVL`) VALUES ('3111', 'VERMA TRAVELS', 'BHOPAL', 'JAIPUR', '2022-02-26', 'SEATER', '600', '49');
INSERT INTO `bus_reservation` (`BUS_ID`, `SERVICE_PROVIDER`, `UP_STATION`, `DOWN_STATION`, `DEPT_DATE`, `SEAT_TYPE`, `FARE`, `SEAT_AVL`) VALUES ('3112', 'RAJRATAN TRAVELS', 'MUMBAI', 'BHOPAL', '2022-02-27', 'SLEEPER', '1600', '17');
INSERT INTO `bus_reservation` (`BUS_ID`, `SERVICE_PROVIDER`, `UP_STATION`, `DOWN_STATION`, `DEPT_DATE`, `SEAT_TYPE`, `FARE`, `SEAT_AVL`) VALUES ('3112', 'RAJRATAN TRAVELS', 'PUNE', 'BHOPAL', '2022-02-27', 'SLEEPER', '1300', '40');
INSERT INTO `bus_reservation` (`BUS_ID`, `SERVICE_PROVIDER`, `UP_STATION`, `DOWN_STATION`, `DEPT_DATE`, `SEAT_TYPE`, `FARE`, `SEAT_AVL`) VALUES ('3113', 'PAULO TRAVELS', 'GOA', 'AHEMDABAD', '2022-02-26', 'SLEEPER', '1500', '38');
INSERT INTO `bus_reservation` (`BUS_ID`, `SERVICE_PROVIDER`, `UP_STATION`, `DOWN_STATION`, `DEPT_DATE`, `SEAT_TYPE`, `FARE`, `SEAT_AVL`) VALUES ('3113', 'PAULO TRAVELS', 'AHEMDABAD', 'PUNE', '2022-02-27', 'SLEEPER', '1900', '40');
INSERT INTO `bus_reservation` (`BUS_ID`, `SERVICE_PROVIDER`, `UP_STATION`, `DOWN_STATION`, `DEPT_DATE`, `SEAT_TYPE`, `FARE`, `SEAT_AVL`) VALUES ('3113', 'PAULO TRAVELS', 'AHEMDABAD', 'GOA', '2022-02-27', 'SLEEPER', '1400', '40');
