use mysqlproject;
INSERT INTO `cab_type` (`CAB_ID`, `CAB_TYPE`) VALUES ('101', 'SEDAN');
INSERT INTO `cab_type` (`CAB_ID`, `CAB_TYPE`) VALUES ('102', 'SUV');
INSERT INTO `cab_type` (`CAB_ID`, `CAB_TYPE`) VALUES ('103', 'HATCHBACK');

use mysqlproject;
INSERT INTO `cab_details` (`CAB_ID`, `CAB_TYPE`, `SEATER`) VALUES ('101', 'SEDAN', '4');
INSERT INTO `cab_details` (`CAB_ID`, `CAB_TYPE`, `SEATER`) VALUES ('102', 'SUV', '6');
INSERT INTO `cab_details` (`CAB_ID`, `CAB_TYPE`, `SEATER`) VALUES ('103', 'HATCHBACK', '4');

USE MYSQLPROJECT;
INSERT INTO `cab_duration` (`CAB_ID`, `CAB_TYPE`, `UP_STATION`, `DOWN_STATION`, `DURATION_HR`, `DISTANCE`) VALUES ('101', 'SEDAN', 'NEW DELHI', 'AMRITSAR', '8:00:00', '454');
INSERT INTO `cab_duration` (`CAB_ID`, `CAB_TYPE`, `UP_STATION`, `DOWN_STATION`, `DURATION_HR`, `DISTANCE`) VALUES ('102', 'SUV', 'NEW DELHI', 'AMRITSAR', '8:00:00', '454');
INSERT INTO `cab_duration` (`CAB_ID`, `CAB_TYPE`, `UP_STATION`, `DOWN_STATION`, `DURATION_HR`, `DISTANCE`) VALUES ('101', 'SEDAN', 'NEW DELHI', 'JODHPUR', '10:00:00', '617');
INSERT INTO `cab_duration` (`CAB_ID`, `CAB_TYPE`, `UP_STATION`, `DOWN_STATION`, `DURATION_HR`, `DISTANCE`) VALUES ('102', 'SUV', 'NEW DELHI', 'JODHPUR', '10:00:00', '617');
INSERT INTO `cab_duration` (`CAB_ID`, `CAB_TYPE`, `UP_STATION`, `DOWN_STATION`, `DURATION_HR`, `DISTANCE`) VALUES ('103', 'HATCHBACK', 'NEW DELHI', 'JODHPUR', '10:00:00', '617');
INSERT INTO `cab_duration` (`CAB_ID`, `CAB_TYPE`, `UP_STATION`, `DOWN_STATION`, `DURATION_HR`, `DISTANCE`) VALUES ('101', 'SEDAN', 'NEW DELHI', 'AGRA', '3:30:00', '225');
INSERT INTO `cab_duration` (`CAB_ID`, `CAB_TYPE`, `UP_STATION`, `DOWN_STATION`, `DURATION_HR`, `DISTANCE`) VALUES ('102', 'SUV', 'NEW DELHI', 'AGRA', '3:30:00', '225');
INSERT INTO `cab_duration` (`CAB_ID`, `CAB_TYPE`, `UP_STATION`, `DOWN_STATION`, `DURATION_HR`, `DISTANCE`) VALUES ('103', 'HATCHBACK', 'NEW DELHI', 'AGRA', '3:30:00', '225');
INSERT INTO `cab_duration` (`CAB_ID`, `CAB_TYPE`, `UP_STATION`, `DOWN_STATION`, `DURATION_HR`, `DISTANCE`) VALUES ('101', 'SEDAN', 'NEW DELHI', 'VARANASI', '13:00:00', '846');
INSERT INTO `cab_duration` (`CAB_ID`, `CAB_TYPE`, `UP_STATION`, `DOWN_STATION`, `DURATION_HR`, `DISTANCE`) VALUES ('102', 'SUV', 'NEW DELHI', 'VARANASI', '13:00:00', '846');
INSERT INTO `cab_duration` (`CAB_ID`, `CAB_TYPE`, `UP_STATION`, `DOWN_STATION`, `DURATION_HR`, `DISTANCE`) VALUES ('103', 'HATCHBACK', 'NEW DELHI', 'VARANASI', '13:00:00', '846');
INSERT INTO `cab_duration` (`CAB_ID`, `CAB_TYPE`, `UP_STATION`, `DOWN_STATION`, `DURATION_HR`, `DISTANCE`) VALUES ('101', 'SEDAN', 'NEW DELHI', 'JAMMU TAWI', '10:30:00', '588');
INSERT INTO `cab_duration` (`CAB_ID`, `CAB_TYPE`, `UP_STATION`, `DOWN_STATION`, `DURATION_HR`, `DISTANCE`) VALUES ('102', 'SUV', 'NEW DELHI', 'JAMMU TAWI', '10:30:00', '588');
INSERT INTO `cab_duration` (`CAB_ID`, `CAB_TYPE`, `UP_STATION`, `DOWN_STATION`, `DURATION_HR`, `DISTANCE`) VALUES ('103', 'HATCHBACK', 'NEW DELHI', 'JAMMU TAWI', '10:30:00', '588');
INSERT INTO `cab_duration` (`CAB_ID`, `CAB_TYPE`, `UP_STATION`, `DOWN_STATION`, `DURATION_HR`, `DISTANCE`) VALUES ('101', 'SEDAN', 'NEW DELHI', 'KOLKATA', '26:00:00', '1540');
INSERT INTO `cab_duration` (`CAB_ID`, `CAB_TYPE`, `UP_STATION`, `DOWN_STATION`, `DURATION_HR`, `DISTANCE`) VALUES ('102', 'SUV', 'NEW DELHI', 'KOLKATA', '26:00:00', '1540');
INSERT INTO `cab_duration` (`CAB_ID`, `CAB_TYPE`, `UP_STATION`, `DOWN_STATION`, `DURATION_HR`, `DISTANCE`) VALUES ('101', 'SEDAN', 'MUMBAI', 'PUNE', '3:00:00', '148');
INSERT INTO `cab_duration` (`CAB_ID`, `CAB_TYPE`, `UP_STATION`, `DOWN_STATION`, `DURATION_HR`, `DISTANCE`) VALUES ('102', 'SUV', 'MUMBAI', 'PUNE', '3:00:00', '148');
INSERT INTO `cab_duration` (`CAB_ID`, `CAB_TYPE`, `UP_STATION`, `DOWN_STATION`, `DURATION_HR`, `DISTANCE`) VALUES ('103', 'HATCHBACK', 'MUMBAI', 'PUNE', '3:00:00', '148');
INSERT INTO `cab_duration` (`CAB_ID`, `CAB_TYPE`, `UP_STATION`, `DOWN_STATION`, `DURATION_HR`, `DISTANCE`) VALUES ('101', 'SEDAN', 'MUMBAI', 'GOA', '11:30:00', '588');
INSERT INTO `cab_duration` (`CAB_ID`, `CAB_TYPE`, `UP_STATION`, `DOWN_STATION`, `DURATION_HR`, `DISTANCE`) VALUES ('102', 'SUV', 'MUMBAI', 'GOA', '11:30:00', '588');
INSERT INTO `cab_duration` (`CAB_ID`, `CAB_TYPE`, `UP_STATION`, `DOWN_STATION`, `DURATION_HR`, `DISTANCE`) VALUES ('103', 'HATCHBACK', 'MUMBAI', 'GOA', '11:30:00', '588');
INSERT INTO `cab_duration` (`CAB_ID`, `CAB_TYPE`, `UP_STATION`, `DOWN_STATION`, `DURATION_HR`, `DISTANCE`) VALUES ('101', 'SEDAN', 'MUMBAI', 'SURAT', '5:30:00', '284');
INSERT INTO `cab_duration` (`CAB_ID`, `CAB_TYPE`, `UP_STATION`, `DOWN_STATION`, `DURATION_HR`, `DISTANCE`) VALUES ('102', 'SUV', 'MUMBAI', 'SURAT', '5:30:00', '284');
INSERT INTO `cab_duration` (`CAB_ID`, `CAB_TYPE`, `UP_STATION`, `DOWN_STATION`, `DURATION_HR`, `DISTANCE`) VALUES ('103', 'HATCHBACK', 'MUMBAI', 'SURAT', '5:30:00', '284');
INSERT INTO `cab_duration` (`CAB_ID`, `CAB_TYPE`, `UP_STATION`, `DOWN_STATION`, `DURATION_HR`, `DISTANCE`) VALUES ('101', 'SEDAN', 'MUMBAI', 'BENGALURU', '16:50:00', '985');
INSERT INTO `cab_duration` (`CAB_ID`, `CAB_TYPE`, `UP_STATION`, `DOWN_STATION`, `DURATION_HR`, `DISTANCE`) VALUES ('102', 'SUV', 'MUMBAI', 'BENGALURU', '16:50:00', '985');
INSERT INTO `cab_duration` (`CAB_ID`, `CAB_TYPE`, `UP_STATION`, `DOWN_STATION`, `DURATION_HR`, `DISTANCE`) VALUES ('103', 'HATCHBACK', 'MUMBAI', 'BENGALURU', '16:50:00', '985');
INSERT INTO `cab_duration` (`CAB_ID`, `CAB_TYPE`, `UP_STATION`, `DOWN_STATION`, `DURATION_HR`, `DISTANCE`) VALUES ('101', 'SEDAN', 'MUMBAI', 'NEW DELHI', '25:00:00', '1412');
INSERT INTO `cab_duration` (`CAB_ID`, `CAB_TYPE`, `UP_STATION`, `DOWN_STATION`, `DURATION_HR`, `DISTANCE`) VALUES ('102', 'SUV', 'MUMBAI', 'NEW DELHI', '25:00:00', '1412');
INSERT INTO `cab_duration` (`CAB_ID`, `CAB_TYPE`, `UP_STATION`, `DOWN_STATION`, `DURATION_HR`, `DISTANCE`) VALUES ('103', 'HATCHBACK', 'MUMBAI', 'NEW DELHI', '25:00:00', '1412');
INSERT INTO `cab_duration` (`CAB_ID`, `CAB_TYPE`, `UP_STATION`, `DOWN_STATION`, `DURATION_HR`, `DISTANCE`) VALUES ('101', 'SEDAN', 'MUMBAI', 'HYDERABAD', '13:30:00', '709');
INSERT INTO `cab_duration` (`CAB_ID`, `CAB_TYPE`, `UP_STATION`, `DOWN_STATION`, `DURATION_HR`, `DISTANCE`) VALUES ('102', 'SUV', 'MUMBAI', 'HYDERABAD', '13:30:00', '709');
INSERT INTO `cab_duration` (`CAB_ID`, `CAB_TYPE`, `UP_STATION`, `DOWN_STATION`, `DURATION_HR`, `DISTANCE`) VALUES ('103', 'HATCHBACK', 'MUMBAI', 'HYDERABAD', '13:30:00', '709');
INSERT INTO `cab_duration` (`CAB_ID`, `CAB_TYPE`, `UP_STATION`, `DOWN_STATION`, `DURATION_HR`, `DISTANCE`) VALUES ('101', 'SEDAN', 'PUNE', 'GOA', '9:30:00', '424');
INSERT INTO `cab_duration` (`CAB_ID`, `CAB_TYPE`, `UP_STATION`, `DOWN_STATION`, `DURATION_HR`, `DISTANCE`) VALUES ('102', 'SUV', 'PUNE', 'GOA', '9:30:00', '424');
INSERT INTO `cab_duration` (`CAB_ID`, `CAB_TYPE`, `UP_STATION`, `DOWN_STATION`, `DURATION_HR`, `DISTANCE`) VALUES ('103', 'HATCHBACK', 'PUNE', 'GOA', '9:30:00', '424');
INSERT INTO `cab_duration` (`CAB_ID`, `CAB_TYPE`, `UP_STATION`, `DOWN_STATION`, `DURATION_HR`, `DISTANCE`) VALUES ('101', 'SEDAN', 'PUNE', 'BENGALURU', '14:30:00', '842');
INSERT INTO `cab_duration` (`CAB_ID`, `CAB_TYPE`, `UP_STATION`, `DOWN_STATION`, `DURATION_HR`, `DISTANCE`) VALUES ('102', 'SUV', 'PUNE', 'BENGALURU', '14:30:00', '842');
INSERT INTO `cab_duration` (`CAB_ID`, `CAB_TYPE`, `UP_STATION`, `DOWN_STATION`, `DURATION_HR`, `DISTANCE`) VALUES ('103', 'HATCHBACK', 'PUNE', 'BENGALURU', '14:30:00', '842');
INSERT INTO `cab_duration` (`CAB_ID`, `CAB_TYPE`, `UP_STATION`, `DOWN_STATION`, `DURATION_HR`, `DISTANCE`) VALUES ('101', 'SEDAN', 'PUNE', 'HYDERABAD', '10:30:00', '562');
INSERT INTO `cab_duration` (`CAB_ID`, `CAB_TYPE`, `UP_STATION`, `DOWN_STATION`, `DURATION_HR`, `DISTANCE`) VALUES ('102', 'SUV', 'PUNE', 'HYDERABAD', '10:30:00', '562');
INSERT INTO `cab_duration` (`CAB_ID`, `CAB_TYPE`, `UP_STATION`, `DOWN_STATION`, `DURATION_HR`, `DISTANCE`) VALUES ('103', 'HATCHBACK', 'PUNE', 'HYDERABAD', '10:30:00', '562');
INSERT INTO `cab_duration` (`CAB_ID`, `CAB_TYPE`, `UP_STATION`, `DOWN_STATION`, `DURATION_HR`, `DISTANCE`) VALUES ('101', 'SEDAN', 'KOLKATA', 'GUWAHATI', '24:00:00', '1037');
INSERT INTO `cab_duration` (`CAB_ID`, `CAB_TYPE`, `UP_STATION`, `DOWN_STATION`, `DURATION_HR`, `DISTANCE`) VALUES ('102', 'SUV', 'KOLKATA', 'GUWAHATI', '24:00:00', '1037');
INSERT INTO `cab_duration` (`CAB_ID`, `CAB_TYPE`, `UP_STATION`, `DOWN_STATION`, `DURATION_HR`, `DISTANCE`) VALUES ('101', 'SEDAN', 'HYDERABAD', 'BENGALURU', '10:00:00', '576');
INSERT INTO `cab_duration` (`CAB_ID`, `CAB_TYPE`, `UP_STATION`, `DOWN_STATION`, `DURATION_HR`, `DISTANCE`) VALUES ('102', 'SUV', 'HYDERABAD', 'BENGALURU', '10:00:00', '576');
INSERT INTO `cab_duration` (`CAB_ID`, `CAB_TYPE`, `UP_STATION`, `DOWN_STATION`, `DURATION_HR`, `DISTANCE`) VALUES ('103', 'HATCHBACK', 'HYDERABAD', 'BENGALURU', '10:00:00', '576');
INSERT INTO `cab_duration` (`CAB_ID`, `CAB_TYPE`, `UP_STATION`, `DOWN_STATION`, `DURATION_HR`, `DISTANCE`) VALUES ('101', 'SEDAN', 'HYDERABAD', 'MADURAI', '17:30:00', '1014');
INSERT INTO `cab_duration` (`CAB_ID`, `CAB_TYPE`, `UP_STATION`, `DOWN_STATION`, `DURATION_HR`, `DISTANCE`) VALUES ('102', 'SUV', 'HYDERABAD', 'MADURAI', '17:30:00', '1014');
INSERT INTO `cab_duration` (`CAB_ID`, `CAB_TYPE`, `UP_STATION`, `DOWN_STATION`, `DURATION_HR`, `DISTANCE`) VALUES ('103', 'HATCHBACK', 'HYDERABAD', 'MADURAI', '17:30:00', '1014');
INSERT INTO `cab_duration` (`CAB_ID`, `CAB_TYPE`, `UP_STATION`, `DOWN_STATION`, `DURATION_HR`, `DISTANCE`) VALUES ('101', 'SEDAN', 'HYDERABAD', 'CHENNAI', '11:30:00', '627');
INSERT INTO `cab_duration` (`CAB_ID`, `CAB_TYPE`, `UP_STATION`, `DOWN_STATION`, `DURATION_HR`, `DISTANCE`) VALUES ('102', 'SUV', 'HYDERABAD', 'CHENNAI', '11:30:00', '627');
INSERT INTO `cab_duration` (`CAB_ID`, `CAB_TYPE`, `UP_STATION`, `DOWN_STATION`, `DURATION_HR`, `DISTANCE`) VALUES ('103', 'HATCHBACK', 'HYDERABAD', 'CHENNAI', '11:30:00', '627');
INSERT INTO `cab_duration` (`CAB_ID`, `CAB_TYPE`, `UP_STATION`, `DOWN_STATION`, `DURATION_HR`, `DISTANCE`) VALUES ('101', 'SEDAN', 'HYDERABAD', 'GOA', '15:30:00', '705');
INSERT INTO `cab_duration` (`CAB_ID`, `CAB_TYPE`, `UP_STATION`, `DOWN_STATION`, `DURATION_HR`, `DISTANCE`) VALUES ('102', 'SUV', 'HYDERABAD', 'GOA', '15:30:00', '705');
INSERT INTO `cab_duration` (`CAB_ID`, `CAB_TYPE`, `UP_STATION`, `DOWN_STATION`, `DURATION_HR`, `DISTANCE`) VALUES ('103', 'HATCHBACK', 'HYDERABAD', 'GOA', '15:30:00', '705');
INSERT INTO `cab_duration` (`CAB_ID`, `CAB_TYPE`, `UP_STATION`, `DOWN_STATION`, `DURATION_HR`, `DISTANCE`) VALUES ('101', 'SEDAN', 'BENGALURU', 'MADURAI', '8:00:00', '439');
INSERT INTO `cab_duration` (`CAB_ID`, `CAB_TYPE`, `UP_STATION`, `DOWN_STATION`, `DURATION_HR`, `DISTANCE`) VALUES ('102', 'SUV', 'BENGALURU', 'MADURAI', '8:00:00', '439');
INSERT INTO `cab_duration` (`CAB_ID`, `CAB_TYPE`, `UP_STATION`, `DOWN_STATION`, `DURATION_HR`, `DISTANCE`) VALUES ('103', 'HATCHBACK', 'BENGALURU', 'MADURAI', '8:00:00', '439');
INSERT INTO `cab_duration` (`CAB_ID`, `CAB_TYPE`, `UP_STATION`, `DOWN_STATION`, `DURATION_HR`, `DISTANCE`) VALUES ('101', 'SEDAN', 'BENGALURU', 'CHENNAI', '7:00:00', '346');
INSERT INTO `cab_duration` (`CAB_ID`, `CAB_TYPE`, `UP_STATION`, `DOWN_STATION`, `DURATION_HR`, `DISTANCE`) VALUES ('102', 'SUV', 'BENGALURU', 'CHENNAI', '7:00:00', '346');
INSERT INTO `cab_duration` (`CAB_ID`, `CAB_TYPE`, `UP_STATION`, `DOWN_STATION`, `DURATION_HR`, `DISTANCE`) VALUES ('103', 'HATCHBACK', 'BENGALURU', 'CHENNAI', '7:00:00', '346');
INSERT INTO `cab_duration` (`CAB_ID`, `CAB_TYPE`, `UP_STATION`, `DOWN_STATION`, `DURATION_HR`, `DISTANCE`) VALUES ('101', 'SEDAN', 'BENGALURU', 'GOA', '11:30:00', '604');
INSERT INTO `cab_duration` (`CAB_ID`, `CAB_TYPE`, `UP_STATION`, `DOWN_STATION`, `DURATION_HR`, `DISTANCE`) VALUES ('102', 'SUV', 'BENGALURU', 'GOA', '11:30:00', '604');
INSERT INTO `cab_duration` (`CAB_ID`, `CAB_TYPE`, `UP_STATION`, `DOWN_STATION`, `DURATION_HR`, `DISTANCE`) VALUES ('103', 'HATCHBACK', 'BENGALURU', 'GOA', '11:30:00', '604');
INSERT INTO `cab_duration` (`CAB_ID`, `CAB_TYPE`, `UP_STATION`, `DOWN_STATION`, `DURATION_HR`, `DISTANCE`) VALUES ('101', 'SEDAN', 'MADURAI', 'CHENNAI', '7:00:00', '346');
INSERT INTO `cab_duration` (`CAB_ID`, `CAB_TYPE`, `UP_STATION`, `DOWN_STATION`, `DURATION_HR`, `DISTANCE`) VALUES ('102', 'SUV', 'MADURAI', 'CHENNAI', '7:00:00', '346');
INSERT INTO `cab_duration` (`CAB_ID`, `CAB_TYPE`, `UP_STATION`, `DOWN_STATION`, `DURATION_HR`, `DISTANCE`) VALUES ('103', 'HATCHBACK', 'MADURAI', 'CHENNAI', '7:00:00', '346');
INSERT INTO `cab_duration` (`CAB_ID`, `CAB_TYPE`, `UP_STATION`, `DOWN_STATION`, `DURATION_HR`, `DISTANCE`) VALUES ('101', 'SEDAN', 'AMRITSAR', 'JODHPUR', '14:00:00', '779');
INSERT INTO `cab_duration` (`CAB_ID`, `CAB_TYPE`, `UP_STATION`, `DOWN_STATION`, `DURATION_HR`, `DISTANCE`) VALUES ('102', 'SUV', 'AMRITSAR', 'JODHPUR', '14:00:00', '779');
INSERT INTO `cab_duration` (`CAB_ID`, `CAB_TYPE`, `UP_STATION`, `DOWN_STATION`, `DURATION_HR`, `DISTANCE`) VALUES ('103', 'HATCHBACK', 'AMRITSAR', 'JODHPUR', '14:00:00', '779');
INSERT INTO `cab_duration` (`CAB_ID`, `CAB_TYPE`, `UP_STATION`, `DOWN_STATION`, `DURATION_HR`, `DISTANCE`) VALUES ('101', 'SEDAN', 'AMRITSAR', 'AGRA', '11:00:00', '700');
INSERT INTO `cab_duration` (`CAB_ID`, `CAB_TYPE`, `UP_STATION`, `DOWN_STATION`, `DURATION_HR`, `DISTANCE`) VALUES ('102', 'SUV', 'AMRITSAR', 'AGRA', '11:00:00', '700');
INSERT INTO `cab_duration` (`CAB_ID`, `CAB_TYPE`, `UP_STATION`, `DOWN_STATION`, `DURATION_HR`, `DISTANCE`) VALUES ('103', 'HATCHBACK', 'AMRITSAR', 'AGRA', '11:00:00', '700');
INSERT INTO `cab_duration` (`CAB_ID`, `CAB_TYPE`, `UP_STATION`, `DOWN_STATION`, `DURATION_HR`, `DISTANCE`) VALUES ('101', 'SEDAN', 'AMRITSAR', 'JAMMU TAWI', '4:00:00', '209');
INSERT INTO `cab_duration` (`CAB_ID`, `CAB_TYPE`, `UP_STATION`, `DOWN_STATION`, `DURATION_HR`, `DISTANCE`) VALUES ('102', 'SUV', 'AMRITSAR', 'JAMMU TAWI', '4:00:00', '209');
INSERT INTO `cab_duration` (`CAB_ID`, `CAB_TYPE`, `UP_STATION`, `DOWN_STATION`, `DURATION_HR`, `DISTANCE`) VALUES ('103', 'HATCHBACK', 'AMRITSAR', 'JAMMU TAWI', '4:00:00', '209');
INSERT INTO `cab_duration` (`CAB_ID`, `CAB_TYPE`, `UP_STATION`, `DOWN_STATION`, `DURATION_HR`, `DISTANCE`) VALUES ('101', 'SEDAN', 'JODHPUR', 'GOA', '28:00:00', '1520');
INSERT INTO `cab_duration` (`CAB_ID`, `CAB_TYPE`, `UP_STATION`, `DOWN_STATION`, `DURATION_HR`, `DISTANCE`) VALUES ('102', 'SUV', 'JODHPUR', 'GOA', '28:00:00', '1520');
INSERT INTO `cab_duration` (`CAB_ID`, `CAB_TYPE`, `UP_STATION`, `DOWN_STATION`, `DURATION_HR`, `DISTANCE`) VALUES ('103', 'HATCHBACK', 'JODHPUR', 'GOA', '28:00:00', '1520');
INSERT INTO `cab_duration` (`CAB_ID`, `CAB_TYPE`, `UP_STATION`, `DOWN_STATION`, `DURATION_HR`, `DISTANCE`) VALUES ('101', 'SEDAN', 'JODHPUR', 'AGRA', '10:00:00', '589');
INSERT INTO `cab_duration` (`CAB_ID`, `CAB_TYPE`, `UP_STATION`, `DOWN_STATION`, `DURATION_HR`, `DISTANCE`) VALUES ('102', 'SUV', 'JODHPUR', 'AGRA', '10:00:00', '589');
INSERT INTO `cab_duration` (`CAB_ID`, `CAB_TYPE`, `UP_STATION`, `DOWN_STATION`, `DURATION_HR`, `DISTANCE`) VALUES ('103', 'HATCHBACK', 'JODHPUR', 'AGRA', '10:00:00', '589');
INSERT INTO `cab_duration` (`CAB_ID`, `CAB_TYPE`, `UP_STATION`, `DOWN_STATION`, `DURATION_HR`, `DISTANCE`) VALUES ('101', 'SEDAN', 'JODHPUR', 'JAMMU TAWI', '17:30:00', '979');
INSERT INTO `cab_duration` (`CAB_ID`, `CAB_TYPE`, `UP_STATION`, `DOWN_STATION`, `DURATION_HR`, `DISTANCE`) VALUES ('102', 'SUV', 'JODHPUR', 'JAMMU TAWI', '17:30:00', '979');
INSERT INTO `cab_duration` (`CAB_ID`, `CAB_TYPE`, `UP_STATION`, `DOWN_STATION`, `DURATION_HR`, `DISTANCE`) VALUES ('103', 'HATCHBACK', 'JODHPUR', 'JAMMU TAWI', '17:30:00', '979');
INSERT INTO `cab_duration` (`CAB_ID`, `CAB_TYPE`, `UP_STATION`, `DOWN_STATION`, `DURATION_HR`, `DISTANCE`) VALUES ('101', 'SEDAN', 'AGRA', 'VARANASI', '10:30:00', '646');
INSERT INTO `cab_duration` (`CAB_ID`, `CAB_TYPE`, `UP_STATION`, `DOWN_STATION`, `DURATION_HR`, `DISTANCE`) VALUES ('102', 'SUV', 'AGRA', 'VARANASI', '10:30:00', '646');
INSERT INTO `cab_duration` (`CAB_ID`, `CAB_TYPE`, `UP_STATION`, `DOWN_STATION`, `DURATION_HR`, `DISTANCE`) VALUES ('103', 'HATCHBACK', 'AGRA', 'VARANASI', '10:30:00', '646');
INSERT INTO `cab_duration` (`CAB_ID`, `CAB_TYPE`, `UP_STATION`, `DOWN_STATION`, `DURATION_HR`, `DISTANCE`) VALUES ('101', 'SEDAN', 'AGRA', 'JAMMU TAWI', '14:00:00', '827');
INSERT INTO `cab_duration` (`CAB_ID`, `CAB_TYPE`, `UP_STATION`, `DOWN_STATION`, `DURATION_HR`, `DISTANCE`) VALUES ('102', 'SUV', 'AGRA', 'JAMMU TAWI', '14:00:00', '827');
INSERT INTO `cab_duration` (`CAB_ID`, `CAB_TYPE`, `UP_STATION`, `DOWN_STATION`, `DURATION_HR`, `DISTANCE`) VALUES ('103', 'HATCHBACK', 'AGRA', 'JAMMU TAWI', '14:00:00', '827');

USE MYSQLPROJECT;
INSERT INTO `cab_service_city` (`CAB_ID`, `CAB_TYPE`, `UP_STATION`, `DOWN_STATION`, `TOTAL_AVL_CAB`) VALUES ('101', 'SEDAN', 'NEW DELHI', 'AMRITSAR', '2');
INSERT INTO `cab_service_city` (`CAB_ID`, `CAB_TYPE`, `UP_STATION`, `DOWN_STATION`, `TOTAL_AVL_CAB`) VALUES ('102', 'SUV', 'NEW DELHI', 'AMRITSAR', '3');
INSERT INTO `cab_service_city` (`CAB_ID`, `CAB_TYPE`, `UP_STATION`, `DOWN_STATION`, `TOTAL_AVL_CAB`) VALUES ('101', 'SEDAN', 'NEW DELHI', 'JODHPUR', '2');
INSERT INTO `cab_service_city` (`CAB_ID`, `CAB_TYPE`, `UP_STATION`, `DOWN_STATION`, `TOTAL_AVL_CAB`) VALUES ('102', 'SUV', 'NEW DELHI', 'JODHPUR', '3');
INSERT INTO `cab_service_city` (`CAB_ID`, `CAB_TYPE`, `UP_STATION`, `DOWN_STATION`, `TOTAL_AVL_CAB`) VALUES ('103', 'HATCHBACK', 'NEW DELHI', 'JODHPUR', '1');
INSERT INTO `cab_service_city` (`CAB_ID`, `CAB_TYPE`, `UP_STATION`, `DOWN_STATION`, `TOTAL_AVL_CAB`) VALUES ('101', 'SEDAN', 'NEW DELHI', 'AGRA', '2');
INSERT INTO `cab_service_city` (`CAB_ID`, `CAB_TYPE`, `UP_STATION`, `DOWN_STATION`, `TOTAL_AVL_CAB`) VALUES ('102', 'SUV', 'NEW DELHI', 'AGRA', '3');
INSERT INTO `cab_service_city` (`CAB_ID`, `CAB_TYPE`, `UP_STATION`, `DOWN_STATION`, `TOTAL_AVL_CAB`) VALUES ('103', 'HATCHBACK', 'NEW DELHI', 'AGRA', '1');
INSERT INTO `cab_service_city` (`CAB_ID`, `CAB_TYPE`, `UP_STATION`, `DOWN_STATION`, `TOTAL_AVL_CAB`) VALUES ('101', 'SEDAN', 'NEW DELHI', 'VARANASI', '3');
INSERT INTO `cab_service_city` (`CAB_ID`, `CAB_TYPE`, `UP_STATION`, `DOWN_STATION`, `TOTAL_AVL_CAB`) VALUES ('102', 'SUV', 'NEW DELHI', 'VARANASI', '3');
INSERT INTO `cab_service_city` (`CAB_ID`, `CAB_TYPE`, `UP_STATION`, `DOWN_STATION`, `TOTAL_AVL_CAB`) VALUES ('103', 'HATCHBACK', 'NEW DELHI', 'VARANASI', '1');
INSERT INTO `cab_service_city` (`CAB_ID`, `CAB_TYPE`, `UP_STATION`, `DOWN_STATION`, `TOTAL_AVL_CAB`) VALUES ('101', 'SEDAN', 'NEW DELHI', 'JAMMU TAWI', '2');
INSERT INTO `cab_service_city` (`CAB_ID`, `CAB_TYPE`, `UP_STATION`, `DOWN_STATION`, `TOTAL_AVL_CAB`) VALUES ('102', 'SUV', 'NEW DELHI', 'JAMMU TAWI', '2');
INSERT INTO `cab_service_city` (`CAB_ID`, `CAB_TYPE`, `UP_STATION`, `DOWN_STATION`, `TOTAL_AVL_CAB`) VALUES ('103', 'HATCHBACK', 'NEW DELHI', 'JAMMU TAWI', '1');
INSERT INTO `cab_service_city` (`CAB_ID`, `CAB_TYPE`, `UP_STATION`, `DOWN_STATION`, `TOTAL_AVL_CAB`) VALUES ('101', 'SEDAN', 'NEW DELHI', 'KOLKATA', '1');
INSERT INTO `cab_service_city` (`CAB_ID`, `CAB_TYPE`, `UP_STATION`, `DOWN_STATION`, `TOTAL_AVL_CAB`) VALUES ('102', 'SUV', 'NEW DELHI', 'KOLKATA', '2');
INSERT INTO `cab_service_city` (`CAB_ID`, `CAB_TYPE`, `UP_STATION`, `DOWN_STATION`, `TOTAL_AVL_CAB`) VALUES ('101', 'SEDAN', 'MUMBAI', 'PUNE', '3');
INSERT INTO `cab_service_city` (`CAB_ID`, `CAB_TYPE`, `UP_STATION`, `DOWN_STATION`, `TOTAL_AVL_CAB`) VALUES ('102', 'SUV', 'MUMBAI', 'PUNE', '3');
INSERT INTO `cab_service_city` (`CAB_ID`, `CAB_TYPE`, `UP_STATION`, `DOWN_STATION`, `TOTAL_AVL_CAB`) VALUES ('103', 'HATCHBACK', 'MUMBAI', 'PUNE', '1');
INSERT INTO `cab_service_city` (`CAB_ID`, `CAB_TYPE`, `UP_STATION`, `DOWN_STATION`, `TOTAL_AVL_CAB`) VALUES ('101', 'SEDAN', 'MUMBAI', 'GOA', '2');
INSERT INTO `cab_service_city` (`CAB_ID`, `CAB_TYPE`, `UP_STATION`, `DOWN_STATION`, `TOTAL_AVL_CAB`) VALUES ('102', 'SUV', 'MUMBAI', 'GOA', '4');
INSERT INTO `cab_service_city` (`CAB_ID`, `CAB_TYPE`, `UP_STATION`, `DOWN_STATION`, `TOTAL_AVL_CAB`) VALUES ('103', 'HATCHBACK', 'MUMBAI', 'GOA', '1');
INSERT INTO `cab_service_city` (`CAB_ID`, `CAB_TYPE`, `UP_STATION`, `DOWN_STATION`, `TOTAL_AVL_CAB`) VALUES ('101', 'SEDAN', 'MUMBAI', 'SURAT', '1');
INSERT INTO `cab_service_city` (`CAB_ID`, `CAB_TYPE`, `UP_STATION`, `DOWN_STATION`, `TOTAL_AVL_CAB`) VALUES ('102', 'SUV', 'MUMBAI', 'SURAT', '3');
INSERT INTO `cab_service_city` (`CAB_ID`, `CAB_TYPE`, `UP_STATION`, `DOWN_STATION`, `TOTAL_AVL_CAB`) VALUES ('103', 'HATCHBACK', 'MUMBAI', 'SURAT', '1');
INSERT INTO `cab_service_city` (`CAB_ID`, `CAB_TYPE`, `UP_STATION`, `DOWN_STATION`, `TOTAL_AVL_CAB`) VALUES ('101', 'SEDAN', 'MUMBAI', 'BENGALURU', '1');
INSERT INTO `cab_service_city` (`CAB_ID`, `CAB_TYPE`, `UP_STATION`, `DOWN_STATION`, `TOTAL_AVL_CAB`) VALUES ('102', 'SUV', 'MUMBAI', 'BENGALURU', '3');
INSERT INTO `cab_service_city` (`CAB_ID`, `CAB_TYPE`, `UP_STATION`, `DOWN_STATION`, `TOTAL_AVL_CAB`) VALUES ('103', 'HATCHBACK', 'MUMBAI', 'BENGALURU', '1');
INSERT INTO `cab_service_city` (`CAB_ID`, `CAB_TYPE`, `UP_STATION`, `DOWN_STATION`, `TOTAL_AVL_CAB`) VALUES ('101', 'SEDAN', 'MUMBAI', 'NEW DELHI', '1');
INSERT INTO `cab_service_city` (`CAB_ID`, `CAB_TYPE`, `UP_STATION`, `DOWN_STATION`, `TOTAL_AVL_CAB`) VALUES ('102', 'SUV', 'MUMBAI', 'NEW DELHI', '2');
INSERT INTO `cab_service_city` (`CAB_ID`, `CAB_TYPE`, `UP_STATION`, `DOWN_STATION`, `TOTAL_AVL_CAB`) VALUES ('103', 'HATCHBACK', 'MUMBAI', 'NEW DELHI', '1');
INSERT INTO `cab_service_city` (`CAB_ID`, `CAB_TYPE`, `UP_STATION`, `DOWN_STATION`, `TOTAL_AVL_CAB`) VALUES ('101', 'SEDAN', 'MUMBAI', 'HYDERABAD', '1');
INSERT INTO `cab_service_city` (`CAB_ID`, `CAB_TYPE`, `UP_STATION`, `DOWN_STATION`, `TOTAL_AVL_CAB`) VALUES ('102', 'SUV', 'MUMBAI', 'HYDERABAD', '3');
INSERT INTO `cab_service_city` (`CAB_ID`, `CAB_TYPE`, `UP_STATION`, `DOWN_STATION`, `TOTAL_AVL_CAB`) VALUES ('103', 'HATCHBACK', 'MUMBAI', 'HYDERABAD', '1');
INSERT INTO `cab_service_city` (`CAB_ID`, `CAB_TYPE`, `UP_STATION`, `DOWN_STATION`, `TOTAL_AVL_CAB`) VALUES ('101', 'SEDAN', 'PUNE', 'GOA', '1');
INSERT INTO `cab_service_city` (`CAB_ID`, `CAB_TYPE`, `UP_STATION`, `DOWN_STATION`, `TOTAL_AVL_CAB`) VALUES ('102', 'SUV', 'PUNE', 'GOA', '2');
INSERT INTO `cab_service_city` (`CAB_ID`, `CAB_TYPE`, `UP_STATION`, `DOWN_STATION`, `TOTAL_AVL_CAB`) VALUES ('103', 'HATCHBACK', 'PUNE', 'GOA', '1');
INSERT INTO `cab_service_city` (`CAB_ID`, `CAB_TYPE`, `UP_STATION`, `DOWN_STATION`, `TOTAL_AVL_CAB`) VALUES ('101', 'SEDAN', 'PUNE', 'BENGALURU', '3');
INSERT INTO `cab_service_city` (`CAB_ID`, `CAB_TYPE`, `UP_STATION`, `DOWN_STATION`, `TOTAL_AVL_CAB`) VALUES ('102', 'SUV', 'PUNE', 'BENGALURU', '4');
INSERT INTO `cab_service_city` (`CAB_ID`, `CAB_TYPE`, `UP_STATION`, `DOWN_STATION`, `TOTAL_AVL_CAB`) VALUES ('103', 'HATCHBACK', 'PUNE', 'BENGALURU', '1');
INSERT INTO `cab_service_city` (`CAB_ID`, `CAB_TYPE`, `UP_STATION`, `DOWN_STATION`, `TOTAL_AVL_CAB`) VALUES ('101', 'SEDAN', 'PUNE', 'HYDERABAD', '3');
INSERT INTO `cab_service_city` (`CAB_ID`, `CAB_TYPE`, `UP_STATION`, `DOWN_STATION`, `TOTAL_AVL_CAB`) VALUES ('102', 'SUV', 'PUNE', 'HYDERABAD', '4');
INSERT INTO `cab_service_city` (`CAB_ID`, `CAB_TYPE`, `UP_STATION`, `DOWN_STATION`, `TOTAL_AVL_CAB`) VALUES ('103', 'HATCHBACK', 'PUNE', 'HYDERABAD', '1');
INSERT INTO `cab_service_city` (`CAB_ID`, `CAB_TYPE`, `UP_STATION`, `DOWN_STATION`, `TOTAL_AVL_CAB`) VALUES ('101', 'SEDAN', 'KOLKATA', 'GUWAHATI', '3');
INSERT INTO `cab_service_city` (`CAB_ID`, `CAB_TYPE`, `UP_STATION`, `DOWN_STATION`, `TOTAL_AVL_CAB`) VALUES ('102', 'SUV', 'KOLKATA', 'GUWAHATI', '1');
INSERT INTO `cab_service_city` (`CAB_ID`, `CAB_TYPE`, `UP_STATION`, `DOWN_STATION`, `TOTAL_AVL_CAB`) VALUES ('101', 'SEDAN', 'HYDERABAD', 'BENGALURU', '3');
INSERT INTO `cab_service_city` (`CAB_ID`, `CAB_TYPE`, `UP_STATION`, `DOWN_STATION`, `TOTAL_AVL_CAB`) VALUES ('102', 'SUV', 'HYDERABAD', 'BENGALURU', '4');
INSERT INTO `cab_service_city` (`CAB_ID`, `CAB_TYPE`, `UP_STATION`, `DOWN_STATION`, `TOTAL_AVL_CAB`) VALUES ('103', 'HATCHBACK', 'HYDERABAD', 'BENGALURU', '1');
INSERT INTO `cab_service_city` (`CAB_ID`, `CAB_TYPE`, `UP_STATION`, `DOWN_STATION`, `TOTAL_AVL_CAB`) VALUES ('101', 'SEDAN', 'HYDERABAD', 'MADURAI', '1');
INSERT INTO `cab_service_city` (`CAB_ID`, `CAB_TYPE`, `UP_STATION`, `DOWN_STATION`, `TOTAL_AVL_CAB`) VALUES ('102', 'SUV', 'HYDERABAD', 'MADURAI', '2');
INSERT INTO `cab_service_city` (`CAB_ID`, `CAB_TYPE`, `UP_STATION`, `DOWN_STATION`, `TOTAL_AVL_CAB`) VALUES ('103', 'HATCHBACK', 'HYDERABAD', 'MADURAI', '1');
INSERT INTO `cab_service_city` (`CAB_ID`, `CAB_TYPE`, `UP_STATION`, `DOWN_STATION`, `TOTAL_AVL_CAB`) VALUES ('101', 'SEDAN', 'HYDERABAD', 'CHENNAI', '3');
INSERT INTO `cab_service_city` (`CAB_ID`, `CAB_TYPE`, `UP_STATION`, `DOWN_STATION`, `TOTAL_AVL_CAB`) VALUES ('102', 'SUV', 'HYDERABAD', 'CHENNAI', '3');
INSERT INTO `cab_service_city` (`CAB_ID`, `CAB_TYPE`, `UP_STATION`, `DOWN_STATION`, `TOTAL_AVL_CAB`) VALUES ('103', 'HATCHBACK', 'HYDERABAD', 'CHENNAI', '1');
INSERT INTO `cab_service_city` (`CAB_ID`, `CAB_TYPE`, `UP_STATION`, `DOWN_STATION`, `TOTAL_AVL_CAB`) VALUES ('101', 'SEDAN', 'HYDERABAD', 'GOA', '1');
INSERT INTO `cab_service_city` (`CAB_ID`, `CAB_TYPE`, `UP_STATION`, `DOWN_STATION`, `TOTAL_AVL_CAB`) VALUES ('102', 'SUV', 'HYDERABAD', 'GOA', '2');
INSERT INTO `cab_service_city` (`CAB_ID`, `CAB_TYPE`, `UP_STATION`, `DOWN_STATION`, `TOTAL_AVL_CAB`) VALUES ('103', 'HATCHBACK', 'HYDERABAD', 'GOA', '1');
INSERT INTO `cab_service_city` (`CAB_ID`, `CAB_TYPE`, `UP_STATION`, `DOWN_STATION`, `TOTAL_AVL_CAB`) VALUES ('101', 'SEDAN', 'BENGALURU', 'MADURAI', '1');
INSERT INTO `cab_service_city` (`CAB_ID`, `CAB_TYPE`, `UP_STATION`, `DOWN_STATION`, `TOTAL_AVL_CAB`) VALUES ('102', 'SUV', 'BENGALURU', 'MADURAI', '3');
INSERT INTO `cab_service_city` (`CAB_ID`, `CAB_TYPE`, `UP_STATION`, `DOWN_STATION`, `TOTAL_AVL_CAB`) VALUES ('103', 'HATCHBACK', 'BENGALURU', 'MADURAI', '1');
INSERT INTO `cab_service_city` (`CAB_ID`, `CAB_TYPE`, `UP_STATION`, `DOWN_STATION`, `TOTAL_AVL_CAB`) VALUES ('101', 'SEDAN', 'BENGALURU', 'CHENNAI', '3');
INSERT INTO `cab_service_city` (`CAB_ID`, `CAB_TYPE`, `UP_STATION`, `DOWN_STATION`, `TOTAL_AVL_CAB`) VALUES ('102', 'SUV', 'BENGALURU', 'CHENNAI', '3');
INSERT INTO `cab_service_city` (`CAB_ID`, `CAB_TYPE`, `UP_STATION`, `DOWN_STATION`, `TOTAL_AVL_CAB`) VALUES ('103', 'HATCHBACK', 'BENGALURU', 'CHENNAI', '1');
INSERT INTO `cab_service_city` (`CAB_ID`, `CAB_TYPE`, `UP_STATION`, `DOWN_STATION`, `TOTAL_AVL_CAB`) VALUES ('101', 'SEDAN', 'BENGALURU', 'GOA', '1');
INSERT INTO `cab_service_city` (`CAB_ID`, `CAB_TYPE`, `UP_STATION`, `DOWN_STATION`, `TOTAL_AVL_CAB`) VALUES ('102', 'SUV', 'BENGALURU', 'GOA', '3');
INSERT INTO `cab_service_city` (`CAB_ID`, `CAB_TYPE`, `UP_STATION`, `DOWN_STATION`, `TOTAL_AVL_CAB`) VALUES ('103', 'HATCHBACK', 'BENGALURU', 'GOA', '1');
INSERT INTO `cab_service_city` (`CAB_ID`, `CAB_TYPE`, `UP_STATION`, `DOWN_STATION`, `TOTAL_AVL_CAB`) VALUES ('101', 'SEDAN', 'MADURAI', 'CHENNAI', '3');
INSERT INTO `cab_service_city` (`CAB_ID`, `CAB_TYPE`, `UP_STATION`, `DOWN_STATION`, `TOTAL_AVL_CAB`) VALUES ('102', 'SUV', 'MADURAI', 'CHENNAI', '3');
INSERT INTO `cab_service_city` (`CAB_ID`, `CAB_TYPE`, `UP_STATION`, `DOWN_STATION`, `TOTAL_AVL_CAB`) VALUES ('103', 'HATCHBACK', 'MADURAI', 'CHENNAI', '1');
INSERT INTO `cab_service_city` (`CAB_ID`, `CAB_TYPE`, `UP_STATION`, `DOWN_STATION`, `TOTAL_AVL_CAB`) VALUES ('101', 'SEDAN', 'AMRITSAR', 'JODHPUR', '1');
INSERT INTO `cab_service_city` (`CAB_ID`, `CAB_TYPE`, `UP_STATION`, `DOWN_STATION`, `TOTAL_AVL_CAB`) VALUES ('102', 'SUV', 'AMRITSAR', 'JODHPUR', '2');
INSERT INTO `cab_service_city` (`CAB_ID`, `CAB_TYPE`, `UP_STATION`, `DOWN_STATION`, `TOTAL_AVL_CAB`) VALUES ('103', 'HATCHBACK', 'AMRITSAR', 'JODHPUR', '1');
INSERT INTO `cab_service_city` (`CAB_ID`, `CAB_TYPE`, `UP_STATION`, `DOWN_STATION`, `TOTAL_AVL_CAB`) VALUES ('101', 'SEDAN', 'AMRITSAR', 'AGRA', '1');
INSERT INTO `cab_service_city` (`CAB_ID`, `CAB_TYPE`, `UP_STATION`, `DOWN_STATION`, `TOTAL_AVL_CAB`) VALUES ('102', 'SUV', 'AMRITSAR', 'AGRA', '2');
INSERT INTO `cab_service_city` (`CAB_ID`, `CAB_TYPE`, `UP_STATION`, `DOWN_STATION`, `TOTAL_AVL_CAB`) VALUES ('103', 'HATCHBACK', 'AMRITSAR', 'AGRA', '1');
INSERT INTO `cab_service_city` (`CAB_ID`, `CAB_TYPE`, `UP_STATION`, `DOWN_STATION`, `TOTAL_AVL_CAB`) VALUES ('101', 'SEDAN', 'AMRITSAR', 'JAMMU TAWI', '2');
INSERT INTO `cab_service_city` (`CAB_ID`, `CAB_TYPE`, `UP_STATION`, `DOWN_STATION`, `TOTAL_AVL_CAB`) VALUES ('102', 'SUV', 'AMRITSAR', 'JAMMU TAWI', '3');
INSERT INTO `cab_service_city` (`CAB_ID`, `CAB_TYPE`, `UP_STATION`, `DOWN_STATION`, `TOTAL_AVL_CAB`) VALUES ('103', 'HATCHBACK', 'AMRITSAR', 'JAMMU TAWI', '1');
INSERT INTO `cab_service_city` (`CAB_ID`, `CAB_TYPE`, `UP_STATION`, `DOWN_STATION`, `TOTAL_AVL_CAB`) VALUES ('101', 'SEDAN', 'JODHPUR', 'GOA', '2');
INSERT INTO `cab_service_city` (`CAB_ID`, `CAB_TYPE`, `UP_STATION`, `DOWN_STATION`, `TOTAL_AVL_CAB`) VALUES ('102', 'SUV', 'JODHPUR', 'GOA', '1');
INSERT INTO `cab_service_city` (`CAB_ID`, `CAB_TYPE`, `UP_STATION`, `DOWN_STATION`, `TOTAL_AVL_CAB`) VALUES ('103', 'HATCHBACK', 'JODHPUR', 'GOA', '1');
INSERT INTO `cab_service_city` (`CAB_ID`, `CAB_TYPE`, `UP_STATION`, `DOWN_STATION`, `TOTAL_AVL_CAB`) VALUES ('101', 'SEDAN', 'JODHPUR', 'AGRA', '1');
INSERT INTO `cab_service_city` (`CAB_ID`, `CAB_TYPE`, `UP_STATION`, `DOWN_STATION`, `TOTAL_AVL_CAB`) VALUES ('102', 'SUV', 'JODHPUR', 'AGRA', '2');
INSERT INTO `cab_service_city` (`CAB_ID`, `CAB_TYPE`, `UP_STATION`, `DOWN_STATION`, `TOTAL_AVL_CAB`) VALUES ('103', 'HATCHBACK', 'JODHPUR', 'AGRA', '1');
INSERT INTO `cab_service_city` (`CAB_ID`, `CAB_TYPE`, `UP_STATION`, `DOWN_STATION`, `TOTAL_AVL_CAB`) VALUES ('101', 'SEDAN', 'JODHPUR', 'JAMMU TAWI', '1');
INSERT INTO `cab_service_city` (`CAB_ID`, `CAB_TYPE`, `UP_STATION`, `DOWN_STATION`, `TOTAL_AVL_CAB`) VALUES ('102', 'SUV', 'JODHPUR', 'JAMMU TAWI', '2');
INSERT INTO `cab_service_city` (`CAB_ID`, `CAB_TYPE`, `UP_STATION`, `DOWN_STATION`, `TOTAL_AVL_CAB`) VALUES ('103', 'HATCHBACK', 'JODHPUR', 'JAMMU TAWI', '1');
INSERT INTO `cab_service_city` (`CAB_ID`, `CAB_TYPE`, `UP_STATION`, `DOWN_STATION`, `TOTAL_AVL_CAB`) VALUES ('101', 'SEDAN', 'AGRA', 'VARANASI', '1');
INSERT INTO `cab_service_city` (`CAB_ID`, `CAB_TYPE`, `UP_STATION`, `DOWN_STATION`, `TOTAL_AVL_CAB`) VALUES ('102', 'SUV', 'AGRA', 'VARANASI', '2');
INSERT INTO `cab_service_city` (`CAB_ID`, `CAB_TYPE`, `UP_STATION`, `DOWN_STATION`, `TOTAL_AVL_CAB`) VALUES ('103', 'HATCHBACK', 'AGRA', 'VARANASI', '1');
INSERT INTO `cab_service_city` (`CAB_ID`, `CAB_TYPE`, `UP_STATION`, `DOWN_STATION`, `TOTAL_AVL_CAB`) VALUES ('101', 'SEDAN', 'AGRA', 'JAMMU TAWI', '1');
INSERT INTO `cab_service_city` (`CAB_ID`, `CAB_TYPE`, `UP_STATION`, `DOWN_STATION`, `TOTAL_AVL_CAB`) VALUES ('102', 'SUV', 'AGRA', 'JAMMU TAWI', '2');
INSERT INTO `cab_service_city` (`CAB_ID`, `CAB_TYPE`, `UP_STATION`, `DOWN_STATION`, `TOTAL_AVL_CAB`) VALUES ('103', 'HATCHBACK', 'AGRA', 'JAMMU TAWI', '1');

USE MYSQLPROJECT;
INSERT INTO `cab_fare` (`CAB_ID`, `CAB_TYPE`, `UP_STATION`, `DOWN_STATION`, `SEATER`, `CAB_FARE`, `CAB_AVG_RATE_KM`) VALUES ('101', 'SEDAN', 'NEW DELHI', 'AMRITSAR', '4', '7000', '15.5');
INSERT INTO `cab_fare` (`CAB_ID`, `CAB_TYPE`, `UP_STATION`, `DOWN_STATION`, `SEATER`, `CAB_FARE`, `CAB_AVG_RATE_KM`) VALUES ('102', 'SUV', 'NEW DELHI', 'AMRITSAR', '6', '10500', '23.2');
INSERT INTO `cab_fare` (`CAB_ID`, `CAB_TYPE`, `UP_STATION`, `DOWN_STATION`, `SEATER`, `CAB_FARE`, `CAB_AVG_RATE_KM`) VALUES ('101', 'SEDAN', 'NEW DELHI', 'JODHPUR', '4', '10500', '17.1');
INSERT INTO `cab_fare` (`CAB_ID`, `CAB_TYPE`, `UP_STATION`, `DOWN_STATION`, `SEATER`, `CAB_FARE`, `CAB_AVG_RATE_KM`) VALUES ('102', 'SUV', 'NEW DELHI', 'JODHPUR', '6', '15000', '24.4');
INSERT INTO `cab_fare` (`CAB_ID`, `CAB_TYPE`, `UP_STATION`, `DOWN_STATION`, `SEATER`, `CAB_FARE`, `CAB_AVG_RATE_KM`) VALUES ('103', 'HATCHBACK', 'NEW DELHI', 'JODHPUR', '4', '10500', '17.1');
INSERT INTO `cab_fare` (`CAB_ID`, `CAB_TYPE`, `UP_STATION`, `DOWN_STATION`, `SEATER`, `CAB_FARE`, `CAB_AVG_RATE_KM`) VALUES ('101', 'SEDAN', 'NEW DELHI', 'AGRA', '4', '2500', '11.2');
INSERT INTO `cab_fare` (`CAB_ID`, `CAB_TYPE`, `UP_STATION`, `DOWN_STATION`, `SEATER`, `CAB_FARE`, `CAB_AVG_RATE_KM`) VALUES ('102', 'SUV', 'NEW DELHI', 'AGRA', '6', '4500', '20');
INSERT INTO `cab_fare` (`CAB_ID`, `CAB_TYPE`, `UP_STATION`, `DOWN_STATION`, `SEATER`, `CAB_FARE`, `CAB_AVG_RATE_KM`) VALUES ('103', 'HATCHBACK', 'NEW DELHI', 'AGRA', '4', '3500', '15.6');
INSERT INTO `cab_fare` (`CAB_ID`, `CAB_TYPE`, `UP_STATION`, `DOWN_STATION`, `SEATER`, `CAB_FARE`, `CAB_AVG_RATE_KM`) VALUES ('101', 'SEDAN', 'NEW DELHI', 'VARANASI', '4', '13500', '16');
INSERT INTO `cab_fare` (`CAB_ID`, `CAB_TYPE`, `UP_STATION`, `DOWN_STATION`, `SEATER`, `CAB_FARE`, `CAB_AVG_RATE_KM`) VALUES ('102', 'SUV', 'NEW DELHI', 'VARANASI', '6', '15500', '18.4');
INSERT INTO `cab_fare` (`CAB_ID`, `CAB_TYPE`, `UP_STATION`, `DOWN_STATION`, `SEATER`, `CAB_FARE`, `CAB_AVG_RATE_KM`) VALUES ('103', 'HATCHBACK', 'NEW DELHI', 'VARANASI', '4', '12500', '14.8');
INSERT INTO `cab_fare` (`CAB_ID`, `CAB_TYPE`, `UP_STATION`, `DOWN_STATION`, `SEATER`, `CAB_FARE`, `CAB_AVG_RATE_KM`) VALUES ('101', 'SEDAN', 'NEW DELHI', 'JAMMU TAWI', '4', '13000', '22.2');
INSERT INTO `cab_fare` (`CAB_ID`, `CAB_TYPE`, `UP_STATION`, `DOWN_STATION`, `SEATER`, `CAB_FARE`, `CAB_AVG_RATE_KM`) VALUES ('102', 'SUV', 'NEW DELHI', 'JAMMU TAWI', '6', '15000', '25.6');
INSERT INTO `cab_fare` (`CAB_ID`, `CAB_TYPE`, `UP_STATION`, `DOWN_STATION`, `SEATER`, `CAB_FARE`, `CAB_AVG_RATE_KM`) VALUES ('103', 'HATCHBACK', 'NEW DELHI', 'JAMMU TAWI', '4', '11000', '18.8');
INSERT INTO `cab_fare` (`CAB_ID`, `CAB_TYPE`, `UP_STATION`, `DOWN_STATION`, `SEATER`, `CAB_FARE`, `CAB_AVG_RATE_KM`) VALUES ('101', 'SEDAN', 'NEW DELHI', 'KOLKATA', '4', '30000', '19.5');
INSERT INTO `cab_fare` (`CAB_ID`, `CAB_TYPE`, `UP_STATION`, `DOWN_STATION`, `SEATER`, `CAB_FARE`, `CAB_AVG_RATE_KM`) VALUES ('102', 'SUV', 'NEW DELHI', 'KOLKATA', '6', '35000', '22.8');
INSERT INTO `cab_fare` (`CAB_ID`, `CAB_TYPE`, `UP_STATION`, `DOWN_STATION`, `SEATER`, `CAB_FARE`, `CAB_AVG_RATE_KM`) VALUES ('101', 'SEDAN', 'MUMBAI', 'PUNE', '4', '2700', '18.3');
INSERT INTO `cab_fare` (`CAB_ID`, `CAB_TYPE`, `UP_STATION`, `DOWN_STATION`, `SEATER`, `CAB_FARE`, `CAB_AVG_RATE_KM`) VALUES ('102', 'SUV', 'MUMBAI', 'PUNE', '6', '5500', '37.2');
INSERT INTO `cab_fare` (`CAB_ID`, `CAB_TYPE`, `UP_STATION`, `DOWN_STATION`, `SEATER`, `CAB_FARE`, `CAB_AVG_RATE_KM`) VALUES ('103', 'HATCHBACK', 'MUMBAI', 'PUNE', '4', '2100', '14.2');
INSERT INTO `cab_fare` (`CAB_ID`, `CAB_TYPE`, `UP_STATION`, `DOWN_STATION`, `SEATER`, `CAB_FARE`, `CAB_AVG_RATE_KM`) VALUES ('101', 'SEDAN', 'MUMBAI', 'GOA', '4', '11500', '19.6');
INSERT INTO `cab_fare` (`CAB_ID`, `CAB_TYPE`, `UP_STATION`, `DOWN_STATION`, `SEATER`, `CAB_FARE`, `CAB_AVG_RATE_KM`) VALUES ('102', 'SUV', 'MUMBAI', 'GOA', '6', '14000', '23.9');
INSERT INTO `cab_fare` (`CAB_ID`, `CAB_TYPE`, `UP_STATION`, `DOWN_STATION`, `SEATER`, `CAB_FARE`, `CAB_AVG_RATE_KM`) VALUES ('103', 'HATCHBACK', 'MUMBAI', 'GOA', '4', '10300', '17.6');
INSERT INTO `cab_fare` (`CAB_ID`, `CAB_TYPE`, `UP_STATION`, `DOWN_STATION`, `SEATER`, `CAB_FARE`, `CAB_AVG_RATE_KM`) VALUES ('101', 'SEDAN', 'MUMBAI', 'SURAT', '4', '3750', '13.3');
INSERT INTO `cab_fare` (`CAB_ID`, `CAB_TYPE`, `UP_STATION`, `DOWN_STATION`, `SEATER`, `CAB_FARE`, `CAB_AVG_RATE_KM`) VALUES ('102', 'SUV', 'MUMBAI', 'SURAT', '6', '9800', '34.6');
INSERT INTO `cab_fare` (`CAB_ID`, `CAB_TYPE`, `UP_STATION`, `DOWN_STATION`, `SEATER`, `CAB_FARE`, `CAB_AVG_RATE_KM`) VALUES ('103', 'HATCHBACK', 'MUMBAI', 'SURAT', '4', '3600', '12.7');
INSERT INTO `cab_fare` (`CAB_ID`, `CAB_TYPE`, `UP_STATION`, `DOWN_STATION`, `SEATER`, `CAB_FARE`, `CAB_AVG_RATE_KM`) VALUES ('101', 'SEDAN', 'MUMBAI', 'BENGALURU', '4', '20000', '20.4');
INSERT INTO `cab_fare` (`CAB_ID`, `CAB_TYPE`, `UP_STATION`, `DOWN_STATION`, `SEATER`, `CAB_FARE`, `CAB_AVG_RATE_KM`) VALUES ('102', 'SUV', 'MUMBAI', 'BENGALURU', '6', '35000', '35.6');
INSERT INTO `cab_fare` (`CAB_ID`, `CAB_TYPE`, `UP_STATION`, `DOWN_STATION`, `SEATER`, `CAB_FARE`, `CAB_AVG_RATE_KM`) VALUES ('103', 'HATCHBACK', 'MUMBAI', 'BENGALURU', '4', '18500', '18.8');
INSERT INTO `cab_fare` (`CAB_ID`, `CAB_TYPE`, `UP_STATION`, `DOWN_STATION`, `SEATER`, `CAB_FARE`, `CAB_AVG_RATE_KM`) VALUES ('101', 'SEDAN', 'MUMBAI', 'NEW DELHI', '4', '26500', '18.8');
INSERT INTO `cab_fare` (`CAB_ID`, `CAB_TYPE`, `UP_STATION`, `DOWN_STATION`, `SEATER`, `CAB_FARE`, `CAB_AVG_RATE_KM`) VALUES ('102', 'SUV', 'MUMBAI', 'NEW DELHI', '6', '35000', '24.8');
INSERT INTO `cab_fare` (`CAB_ID`, `CAB_TYPE`, `UP_STATION`, `DOWN_STATION`, `SEATER`, `CAB_FARE`, `CAB_AVG_RATE_KM`) VALUES ('103', 'HATCHBACK', 'MUMBAI', 'NEW DELHI', '4', '29000', '20.6');
INSERT INTO `cab_fare` (`CAB_ID`, `CAB_TYPE`, `UP_STATION`, `DOWN_STATION`, `SEATER`, `CAB_FARE`, `CAB_AVG_RATE_KM`) VALUES ('101', 'SEDAN', 'MUMBAI', 'HYDERABAD', '4', '16200', '22.9');
INSERT INTO `cab_fare` (`CAB_ID`, `CAB_TYPE`, `UP_STATION`, `DOWN_STATION`, `SEATER`, `CAB_FARE`, `CAB_AVG_RATE_KM`) VALUES ('102', 'SUV', 'MUMBAI', 'HYDERABAD', '6', '21000', '29.7');
INSERT INTO `cab_fare` (`CAB_ID`, `CAB_TYPE`, `UP_STATION`, `DOWN_STATION`, `SEATER`, `CAB_FARE`, `CAB_AVG_RATE_KM`) VALUES ('103', 'HATCHBACK', 'MUMBAI', 'HYDERABAD', '4', '16000', '22.6');
INSERT INTO `cab_fare` (`CAB_ID`, `CAB_TYPE`, `UP_STATION`, `DOWN_STATION`, `SEATER`, `CAB_FARE`, `CAB_AVG_RATE_KM`) VALUES ('101', 'SEDAN', 'PUNE', 'GOA', '4', '6500', '15.4');
INSERT INTO `cab_fare` (`CAB_ID`, `CAB_TYPE`, `UP_STATION`, `DOWN_STATION`, `SEATER`, `CAB_FARE`, `CAB_AVG_RATE_KM`) VALUES ('102', 'SUV', 'PUNE', 'GOA', '6', '10500', '24.8');
INSERT INTO `cab_fare` (`CAB_ID`, `CAB_TYPE`, `UP_STATION`, `DOWN_STATION`, `SEATER`, `CAB_FARE`, `CAB_AVG_RATE_KM`) VALUES ('103', 'HATCHBACK', 'PUNE', 'GOA', '4', '7300', '17.3');
INSERT INTO `cab_fare` (`CAB_ID`, `CAB_TYPE`, `UP_STATION`, `DOWN_STATION`, `SEATER`, `CAB_FARE`, `CAB_AVG_RATE_KM`) VALUES ('101', 'SEDAN', 'PUNE', 'BENGALURU', '4', '16450', '19.6');
INSERT INTO `cab_fare` (`CAB_ID`, `CAB_TYPE`, `UP_STATION`, `DOWN_STATION`, `SEATER`, `CAB_FARE`, `CAB_AVG_RATE_KM`) VALUES ('102', 'SUV', 'PUNE', 'BENGALURU', '6', '18500', '22');
INSERT INTO `cab_fare` (`CAB_ID`, `CAB_TYPE`, `UP_STATION`, `DOWN_STATION`, `SEATER`, `CAB_FARE`, `CAB_AVG_RATE_KM`) VALUES ('103', 'HATCHBACK', 'PUNE', 'BENGALURU', '4', '17600', '21');
INSERT INTO `cab_fare` (`CAB_ID`, `CAB_TYPE`, `UP_STATION`, `DOWN_STATION`, `SEATER`, `CAB_FARE`, `CAB_AVG_RATE_KM`) VALUES ('101', 'SEDAN', 'PUNE', 'HYDERABAD', '4', '12500', '22.3');
INSERT INTO `cab_fare` (`CAB_ID`, `CAB_TYPE`, `UP_STATION`, `DOWN_STATION`, `SEATER`, `CAB_FARE`, `CAB_AVG_RATE_KM`) VALUES ('102', 'SUV', 'PUNE', 'HYDERABAD', '6', '16500', '29.4');
INSERT INTO `cab_fare` (`CAB_ID`, `CAB_TYPE`, `UP_STATION`, `DOWN_STATION`, `SEATER`, `CAB_FARE`, `CAB_AVG_RATE_KM`) VALUES ('103', 'HATCHBACK', 'PUNE', 'HYDERABAD', '4', '14800', '26.4');
INSERT INTO `cab_fare` (`CAB_ID`, `CAB_TYPE`, `UP_STATION`, `DOWN_STATION`, `SEATER`, `CAB_FARE`, `CAB_AVG_RATE_KM`) VALUES ('101', 'SEDAN', 'KOLKATA', 'GUWAHATI', '4', '32000', '30.9');
INSERT INTO `cab_fare` (`CAB_ID`, `CAB_TYPE`, `UP_STATION`, `DOWN_STATION`, `SEATER`, `CAB_FARE`, `CAB_AVG_RATE_KM`) VALUES ('102', 'SUV', 'KOLKATA', 'GUWAHATI', '6', '40000', '38.6');
INSERT INTO `cab_fare` (`CAB_ID`, `CAB_TYPE`, `UP_STATION`, `DOWN_STATION`, `SEATER`, `CAB_FARE`, `CAB_AVG_RATE_KM`) VALUES ('101', 'SEDAN', 'HYDERABAD', 'BENGALURU', '4', '11500', '20');
INSERT INTO `cab_fare` (`CAB_ID`, `CAB_TYPE`, `UP_STATION`, `DOWN_STATION`, `SEATER`, `CAB_FARE`, `CAB_AVG_RATE_KM`) VALUES ('102', 'SUV', 'HYDERABAD', 'BENGALURU', '6', '16400', '28.5');
INSERT INTO `cab_fare` (`CAB_ID`, `CAB_TYPE`, `UP_STATION`, `DOWN_STATION`, `SEATER`, `CAB_FARE`, `CAB_AVG_RATE_KM`) VALUES ('103', 'HATCHBACK', 'HYDERABAD', 'BENGALURU', '4', '10700', '18.6');
INSERT INTO `cab_fare` (`CAB_ID`, `CAB_TYPE`, `UP_STATION`, `DOWN_STATION`, `SEATER`, `CAB_FARE`, `CAB_AVG_RATE_KM`) VALUES ('101', 'SEDAN', 'HYDERABAD', 'MADURAI', '4', '20500', '20.3');
INSERT INTO `cab_fare` (`CAB_ID`, `CAB_TYPE`, `UP_STATION`, `DOWN_STATION`, `SEATER`, `CAB_FARE`, `CAB_AVG_RATE_KM`) VALUES ('102', 'SUV', 'HYDERABAD', 'MADURAI', '6', '30500', '30.1');
INSERT INTO `cab_fare` (`CAB_ID`, `CAB_TYPE`, `UP_STATION`, `DOWN_STATION`, `SEATER`, `CAB_FARE`, `CAB_AVG_RATE_KM`) VALUES ('103', 'HATCHBACK', 'HYDERABAD', 'MADURAI', '4', '21500', '21.3');
INSERT INTO `cab_fare` (`CAB_ID`, `CAB_TYPE`, `UP_STATION`, `DOWN_STATION`, `SEATER`, `CAB_FARE`, `CAB_AVG_RATE_KM`) VALUES ('101', 'SEDAN', 'HYDERABAD', 'CHENNAI', '4', '13500', '21.6');
INSERT INTO `cab_fare` (`CAB_ID`, `CAB_TYPE`, `UP_STATION`, `DOWN_STATION`, `SEATER`, `CAB_FARE`, `CAB_AVG_RATE_KM`) VALUES ('102', 'SUV', 'HYDERABAD', 'CHENNAI', '6', '15000', '24');
INSERT INTO `cab_fare` (`CAB_ID`, `CAB_TYPE`, `UP_STATION`, `DOWN_STATION`, `SEATER`, `CAB_FARE`, `CAB_AVG_RATE_KM`) VALUES ('103', 'HATCHBACK', 'HYDERABAD', 'CHENNAI', '4', '11200', '17.9');
INSERT INTO `cab_fare` (`CAB_ID`, `CAB_TYPE`, `UP_STATION`, `DOWN_STATION`, `SEATER`, `CAB_FARE`, `CAB_AVG_RATE_KM`) VALUES ('101', 'SEDAN', 'HYDERABAD', 'GOA', '4', '11000', '15.7');
INSERT INTO `cab_fare` (`CAB_ID`, `CAB_TYPE`, `UP_STATION`, `DOWN_STATION`, `SEATER`, `CAB_FARE`, `CAB_AVG_RATE_KM`) VALUES ('102', 'SUV', 'HYDERABAD', 'GOA', '6', '15500', '22');
INSERT INTO `cab_fare` (`CAB_ID`, `CAB_TYPE`, `UP_STATION`, `DOWN_STATION`, `SEATER`, `CAB_FARE`, `CAB_AVG_RATE_KM`) VALUES ('103', 'HATCHBACK', 'HYDERABAD', 'GOA', '4', '12200', '17.4');
INSERT INTO `cab_fare` (`CAB_ID`, `CAB_TYPE`, `UP_STATION`, `DOWN_STATION`, `SEATER`, `CAB_FARE`, `CAB_AVG_RATE_KM`) VALUES ('101', 'SEDAN', 'BENGALURU', 'MADURAI', '4', '7900', '18');
INSERT INTO `cab_fare` (`CAB_ID`, `CAB_TYPE`, `UP_STATION`, `DOWN_STATION`, `SEATER`, `CAB_FARE`, `CAB_AVG_RATE_KM`) VALUES ('102', 'SUV', 'BENGALURU', 'MADURAI', '6', '12300', '28.1');
INSERT INTO `cab_fare` (`CAB_ID`, `CAB_TYPE`, `UP_STATION`, `DOWN_STATION`, `SEATER`, `CAB_FARE`, `CAB_AVG_RATE_KM`) VALUES ('103', 'HATCHBACK', 'BENGALURU', 'MADURAI', '4', '7800', '17.8');
INSERT INTO `cab_fare` (`CAB_ID`, `CAB_TYPE`, `UP_STATION`, `DOWN_STATION`, `SEATER`, `CAB_FARE`, `CAB_AVG_RATE_KM`) VALUES ('101', 'SEDAN', 'BENGALURU', 'CHENNAI', '4', '5000', '14.5');
INSERT INTO `cab_fare` (`CAB_ID`, `CAB_TYPE`, `UP_STATION`, `DOWN_STATION`, `SEATER`, `CAB_FARE`, `CAB_AVG_RATE_KM`) VALUES ('102', 'SUV', 'BENGALURU', 'CHENNAI', '6', '9500', '27.5');
INSERT INTO `cab_fare` (`CAB_ID`, `CAB_TYPE`, `UP_STATION`, `DOWN_STATION`, `SEATER`, `CAB_FARE`, `CAB_AVG_RATE_KM`) VALUES ('103', 'HATCHBACK', 'BENGALURU', 'CHENNAI', '4', '4600', '13.3');
INSERT INTO `cab_fare` (`CAB_ID`, `CAB_TYPE`, `UP_STATION`, `DOWN_STATION`, `SEATER`, `CAB_FARE`, `CAB_AVG_RATE_KM`) VALUES ('101', 'SEDAN', 'BENGALURU', 'GOA', '4', '10500', '17.4');
INSERT INTO `cab_fare` (`CAB_ID`, `CAB_TYPE`, `UP_STATION`, `DOWN_STATION`, `SEATER`, `CAB_FARE`, `CAB_AVG_RATE_KM`) VALUES ('102', 'SUV', 'BENGALURU', 'GOA', '6', '13500', '22.4');
INSERT INTO `cab_fare` (`CAB_ID`, `CAB_TYPE`, `UP_STATION`, `DOWN_STATION`, `SEATER`, `CAB_FARE`, `CAB_AVG_RATE_KM`) VALUES ('103', 'HATCHBACK', 'BENGALURU', 'GOA', '4', '10500', '17.4');
INSERT INTO `cab_fare` (`CAB_ID`, `CAB_TYPE`, `UP_STATION`, `DOWN_STATION`, `SEATER`, `CAB_FARE`, `CAB_AVG_RATE_KM`) VALUES ('101', 'SEDAN', 'MADURAI', 'CHENNAI', '4', '5500', '15.9');
INSERT INTO `cab_fare` (`CAB_ID`, `CAB_TYPE`, `UP_STATION`, `DOWN_STATION`, `SEATER`, `CAB_FARE`, `CAB_AVG_RATE_KM`) VALUES ('102', 'SUV', 'MADURAI', 'CHENNAI', '6', '9000', '26.1');
INSERT INTO `cab_fare` (`CAB_ID`, `CAB_TYPE`, `UP_STATION`, `DOWN_STATION`, `SEATER`, `CAB_FARE`, `CAB_AVG_RATE_KM`) VALUES ('103', 'HATCHBACK', 'MADURAI', 'CHENNAI', '4', '4600', '13.3');
INSERT INTO `cab_fare` (`CAB_ID`, `CAB_TYPE`, `UP_STATION`, `DOWN_STATION`, `SEATER`, `CAB_FARE`, `CAB_AVG_RATE_KM`) VALUES ('101', 'SEDAN', 'AMRITSAR', 'JODHPUR', '4', '15000', '19.3');
INSERT INTO `cab_fare` (`CAB_ID`, `CAB_TYPE`, `UP_STATION`, `DOWN_STATION`, `SEATER`, `CAB_FARE`, `CAB_AVG_RATE_KM`) VALUES ('102', 'SUV', 'AMRITSAR', 'JODHPUR', '6', '20000', '25.7');
INSERT INTO `cab_fare` (`CAB_ID`, `CAB_TYPE`, `UP_STATION`, `DOWN_STATION`, `SEATER`, `CAB_FARE`, `CAB_AVG_RATE_KM`) VALUES ('103', 'HATCHBACK', 'AMRITSAR', 'JODHPUR', '4', '14800', '19');
INSERT INTO `cab_fare` (`CAB_ID`, `CAB_TYPE`, `UP_STATION`, `DOWN_STATION`, `SEATER`, `CAB_FARE`, `CAB_AVG_RATE_KM`) VALUES ('101', 'SEDAN', 'AMRITSAR', 'AGRA', '4', '9300', '13.3');
INSERT INTO `cab_fare` (`CAB_ID`, `CAB_TYPE`, `UP_STATION`, `DOWN_STATION`, `SEATER`, `CAB_FARE`, `CAB_AVG_RATE_KM`) VALUES ('102', 'SUV', 'AMRITSAR', 'AGRA', '6', '13500', '19.3');
INSERT INTO `cab_fare` (`CAB_ID`, `CAB_TYPE`, `UP_STATION`, `DOWN_STATION`, `SEATER`, `CAB_FARE`, `CAB_AVG_RATE_KM`) VALUES ('103', 'HATCHBACK', 'AMRITSAR', 'AGRA', '4', '9100', '13');
INSERT INTO `cab_fare` (`CAB_ID`, `CAB_TYPE`, `UP_STATION`, `DOWN_STATION`, `SEATER`, `CAB_FARE`, `CAB_AVG_RATE_KM`) VALUES ('101', 'SEDAN', 'AMRITSAR', 'JAMMU TAWI', '4', '4300', '20.6');
INSERT INTO `cab_fare` (`CAB_ID`, `CAB_TYPE`, `UP_STATION`, `DOWN_STATION`, `SEATER`, `CAB_FARE`, `CAB_AVG_RATE_KM`) VALUES ('102', 'SUV', 'AMRITSAR', 'JAMMU TAWI', '6', '7800', '37.4');
INSERT INTO `cab_fare` (`CAB_ID`, `CAB_TYPE`, `UP_STATION`, `DOWN_STATION`, `SEATER`, `CAB_FARE`, `CAB_AVG_RATE_KM`) VALUES ('103', 'HATCHBACK', 'AMRITSAR', 'JAMMU TAWI', '4', '4600', '22.1');
INSERT INTO `cab_fare` (`CAB_ID`, `CAB_TYPE`, `UP_STATION`, `DOWN_STATION`, `SEATER`, `CAB_FARE`, `CAB_AVG_RATE_KM`) VALUES ('101', 'SEDAN', 'JODHPUR', 'GOA', '4', '52000', '34.3');
INSERT INTO `cab_fare` (`CAB_ID`, `CAB_TYPE`, `UP_STATION`, `DOWN_STATION`, `SEATER`, `CAB_FARE`, `CAB_AVG_RATE_KM`) VALUES ('102', 'SUV', 'JODHPUR', 'GOA', '6', '32000', '21.1');
INSERT INTO `cab_fare` (`CAB_ID`, `CAB_TYPE`, `UP_STATION`, `DOWN_STATION`, `SEATER`, `CAB_FARE`, `CAB_AVG_RATE_KM`) VALUES ('103', 'HATCHBACK', 'JODHPUR', 'GOA', '4', '31500', '20.8');
INSERT INTO `cab_fare` (`CAB_ID`, `CAB_TYPE`, `UP_STATION`, `DOWN_STATION`, `SEATER`, `CAB_FARE`, `CAB_AVG_RATE_KM`) VALUES ('101', 'SEDAN', 'JODHPUR', 'AGRA', '4', '10900', '18.6');
INSERT INTO `cab_fare` (`CAB_ID`, `CAB_TYPE`, `UP_STATION`, `DOWN_STATION`, `SEATER`, `CAB_FARE`, `CAB_AVG_RATE_KM`) VALUES ('102', 'SUV', 'JODHPUR', 'AGRA', '6', '16500', '28.1');
INSERT INTO `cab_fare` (`CAB_ID`, `CAB_TYPE`, `UP_STATION`, `DOWN_STATION`, `SEATER`, `CAB_FARE`, `CAB_AVG_RATE_KM`) VALUES ('103', 'HATCHBACK', 'JODHPUR', 'AGRA', '4', '10200', '17.4');
INSERT INTO `cab_fare` (`CAB_ID`, `CAB_TYPE`, `UP_STATION`, `DOWN_STATION`, `SEATER`, `CAB_FARE`, `CAB_AVG_RATE_KM`) VALUES ('101', 'SEDAN', 'JODHPUR', 'JAMMU TAWI', '4', '21000', '21.5');
INSERT INTO `cab_fare` (`CAB_ID`, `CAB_TYPE`, `UP_STATION`, `DOWN_STATION`, `SEATER`, `CAB_FARE`, `CAB_AVG_RATE_KM`) VALUES ('102', 'SUV', 'JODHPUR', 'JAMMU TAWI', '6', '32000', '32.7');
INSERT INTO `cab_fare` (`CAB_ID`, `CAB_TYPE`, `UP_STATION`, `DOWN_STATION`, `SEATER`, `CAB_FARE`, `CAB_AVG_RATE_KM`) VALUES ('103', 'HATCHBACK', 'JODHPUR', 'JAMMU TAWI', '4', '19500', '20');
INSERT INTO `cab_fare` (`CAB_ID`, `CAB_TYPE`, `UP_STATION`, `DOWN_STATION`, `SEATER`, `CAB_FARE`, `CAB_AVG_RATE_KM`) VALUES ('101', 'SEDAN', 'AGRA', 'VARANASI', '4', '10700', '16.6');
INSERT INTO `cab_fare` (`CAB_ID`, `CAB_TYPE`, `UP_STATION`, `DOWN_STATION`, `SEATER`, `CAB_FARE`, `CAB_AVG_RATE_KM`) VALUES ('102', 'SUV', 'AGRA', 'VARANASI', '6', '17500', '27.1');
INSERT INTO `cab_fare` (`CAB_ID`, `CAB_TYPE`, `UP_STATION`, `DOWN_STATION`, `SEATER`, `CAB_FARE`, `CAB_AVG_RATE_KM`) VALUES ('103', 'HATCHBACK', 'AGRA', 'VARANASI', '4', '10200', '15.8');
INSERT INTO `cab_fare` (`CAB_ID`, `CAB_TYPE`, `UP_STATION`, `DOWN_STATION`, `SEATER`, `CAB_FARE`, `CAB_AVG_RATE_KM`) VALUES ('101', 'SEDAN', 'AGRA', 'JAMMU TAWI', '4', '14500', '17.6');
INSERT INTO `cab_fare` (`CAB_ID`, `CAB_TYPE`, `UP_STATION`, `DOWN_STATION`, `SEATER`, `CAB_FARE`, `CAB_AVG_RATE_KM`) VALUES ('102', 'SUV', 'AGRA', 'JAMMU TAWI', '6', '20200', '24.5');
INSERT INTO `cab_fare` (`CAB_ID`, `CAB_TYPE`, `UP_STATION`, `DOWN_STATION`, `SEATER`, `CAB_FARE`, `CAB_AVG_RATE_KM`) VALUES ('103', 'HATCHBACK', 'AGRA', 'JAMMU TAWI', '4', '13200', '16');

