use mysqlproject;
INSERT INTO `home_stay_ratings` (`LOCALITY_ID`, `HOME_STAY_NAME`, `HOME_STAY_RATING`) VALUES ('1', 'SUNSHINE DORMITORY', '4.1');
INSERT INTO `home_stay_ratings` (`LOCALITY_ID`, `HOME_STAY_NAME`, `HOME_STAY_RATING`) VALUES ('2', 'HAPPY HOMES', '4.2');
INSERT INTO `home_stay_ratings` (`LOCALITY_ID`, `HOME_STAY_NAME`, `HOME_STAY_RATING`) VALUES ('3', 'MADPACKERS AMRITSAR', '4.3');
INSERT INTO `home_stay_ratings` (`LOCALITY_ID`, `HOME_STAY_NAME`, `HOME_STAY_RATING`) VALUES ('4', 'SHINE STAR', '3.9');
INSERT INTO `home_stay_ratings` (`LOCALITY_ID`, `HOME_STAY_NAME`, `HOME_STAY_RATING`) VALUES ('5', 'GO STOP AGRA', '4.3');
INSERT INTO `home_stay_ratings` (`LOCALITY_ID`, `HOME_STAY_NAME`, `HOME_STAY_RATING`) VALUES ('6', 'JOEY\'S HOTEL', '4.2');
INSERT INTO `home_stay_ratings` (`LOCALITY_ID`, `HOME_STAY_NAME`, `HOME_STAY_RATING`) VALUES ('7', 'IXORA SUITS', '4.1');
INSERT INTO `home_stay_ratings` (`LOCALITY_ID`, `HOME_STAY_NAME`, `HOME_STAY_RATING`) VALUES ('8', 'KADACKAL FARMHOUSE', '4.4');
INSERT INTO `home_stay_ratings` (`LOCALITY_ID`, `HOME_STAY_NAME`, `HOME_STAY_RATING`) VALUES ('9', 'KOLAM SERVICED APERTMENT', '4.3');
INSERT INTO `home_stay_ratings` (`LOCALITY_ID`, `HOME_STAY_NAME`, `HOME_STAY_RATING`) VALUES ('10', 'FRIENDLYSTAY', '4.8');
INSERT INTO `home_stay_ratings` (`LOCALITY_ID`, `HOME_STAY_NAME`, `HOME_STAY_RATING`) VALUES ('11', 'GOLDEN PALM SUITS', '4.1');
INSERT INTO `home_stay_ratings` (`LOCALITY_ID`, `HOME_STAY_NAME`, `HOME_STAY_RATING`) VALUES ('12', 'COMFORT POINT', '4.2');
INSERT INTO `home_stay_ratings` (`LOCALITY_ID`, `HOME_STAY_NAME`, `HOME_STAY_RATING`) VALUES ('13', 'MAJESTIC ECO COMFORT', '4.5');
INSERT INTO `home_stay_ratings` (`LOCALITY_ID`, `HOME_STAY_NAME`, `HOME_STAY_RATING`) VALUES ('14', 'AT HOME B&B DONAPAULA', '4.2');
INSERT INTO `home_stay_ratings` (`LOCALITY_ID`, `HOME_STAY_NAME`, `HOME_STAY_RATING`) VALUES ('15', 'AADORONI CENTRAL HOMESTAY', '4.2');
INSERT INTO `home_stay_ratings` (`LOCALITY_ID`, `HOME_STAY_NAME`, `HOME_STAY_RATING`) VALUES ('16', 'TRANQVILLE', '4.1');
INSERT INTO `home_stay_ratings` (`LOCALITY_ID`, `HOME_STAY_NAME`, `HOME_STAY_RATING`) VALUES ('17', 'OAKWOOD RESIDENCE', '4.2');
INSERT INTO `home_stay_ratings` (`LOCALITY_ID`, `HOME_STAY_NAME`, `HOME_STAY_RATING`) VALUES ('18', 'SWAN SUITS', '4');
INSERT INTO `home_stay_ratings` (`LOCALITY_ID`, `HOME_STAY_NAME`, `HOME_STAY_RATING`) VALUES ('19', 'JAIPUR BUNGLOW', '4.6');
INSERT INTO `home_stay_ratings` (`LOCALITY_ID`, `HOME_STAY_NAME`, `HOME_STAY_RATING`) VALUES ('20', 'ZOSTEL JAIPUR', '4.3');
INSERT INTO `home_stay_ratings` (`LOCALITY_ID`, `HOME_STAY_NAME`, `HOME_STAY_RATING`) VALUES ('21', 'WINDSOR SUITS', '4.4');
INSERT INTO `home_stay_ratings` (`LOCALITY_ID`, `HOME_STAY_NAME`, `HOME_STAY_RATING`) VALUES ('22', 'KOLLOLINI KOLKATA', '4');
INSERT INTO `home_stay_ratings` (`LOCALITY_ID`, `HOME_STAY_NAME`, `HOME_STAY_RATING`) VALUES ('23', 'CORAL SHELTERS', '4.5');
INSERT INTO `home_stay_ratings` (`LOCALITY_ID`, `HOME_STAY_NAME`, `HOME_STAY_RATING`) VALUES ('24', 'DREAMY PINEWOOD VILLA', '4.3');
INSERT INTO `home_stay_ratings` (`LOCALITY_ID`, `HOME_STAY_NAME`, `HOME_STAY_RATING`) VALUES ('25', 'LAKESITE CHALET MARRIOT', '4.5');
INSERT INTO `home_stay_ratings` (`LOCALITY_ID`, `HOME_STAY_NAME`, `HOME_STAY_RATING`) VALUES ('26', 'GO STOP MUMBAI', '4.3');
INSERT INTO `home_stay_ratings` (`LOCALITY_ID`, `HOME_STAY_NAME`, `HOME_STAY_RATING`) VALUES ('27', 'AR SUITS', '4.4');
INSERT INTO `home_stay_ratings` (`LOCALITY_ID`, `HOME_STAY_NAME`, `HOME_STAY_RATING`) VALUES ('28', 'EMA HOMESTAY', '4.6');
INSERT INTO `home_stay_ratings` (`LOCALITY_ID`, `HOME_STAY_NAME`, `HOME_STAY_RATING`) VALUES ('29', 'HOUSE SWITZERLAND', '4.4');
INSERT INTO `home_stay_ratings` (`LOCALITY_ID`, `HOME_STAY_NAME`, `HOME_STAY_RATING`) VALUES ('30', 'NEW JERSEY HOUSEBOAT', '4.5');
INSERT INTO `home_stay_ratings` (`LOCALITY_ID`, `HOME_STAY_NAME`, `HOME_STAY_RATING`) VALUES ('31', 'ROSE HERITAGE HOME', '4.3');
INSERT INTO `home_stay_ratings` (`LOCALITY_ID`, `HOME_STAY_NAME`, `HOME_STAY_RATING`) VALUES ('32', 'VILLA BENARES', '4');

use mysqlproject;
INSERT INTO `home_stay_details` (`LOCALITY_ID`, `HOME_STAY_NAME`, `HOME_STAY_ROOM_TYPE`, `AVL_ROOM`, `GUEST`, `BED_TYPE`, `FARE`, `ROOM_SERVICE`) VALUES ('1', 'SUNSHINE DORMITORY', 'MALE DORMITORY', '6', '1', 'S', '249', 'YES');
INSERT INTO `home_stay_details` (`LOCALITY_ID`, `HOME_STAY_NAME`, `HOME_STAY_ROOM_TYPE`, `AVL_ROOM`, `GUEST`, `BED_TYPE`, `FARE`, `ROOM_SERVICE`) VALUES ('2', 'HAPPY HOMES', 'DELUX  ROOM', '4', '1', 'S', '1840', 'YES');
INSERT INTO `home_stay_details` (`LOCALITY_ID`, `HOME_STAY_NAME`, `HOME_STAY_ROOM_TYPE`, `AVL_ROOM`, `GUEST`, `BED_TYPE`, `FARE`, `ROOM_SERVICE`) VALUES ('3', 'MADPACKERS AMRITSAR', 'SUPERIOR 12  BED', '8', '1', 'S', '410', 'NA');
INSERT INTO `home_stay_details` (`LOCALITY_ID`, `HOME_STAY_NAME`, `HOME_STAY_ROOM_TYPE`, `AVL_ROOM`, `GUEST`, `BED_TYPE`, `FARE`, `ROOM_SERVICE`) VALUES ('3', 'MADPACKERS AMRITSAR', 'STANDERD DOUBLE BED', '9', '1', 'S', '1380', 'YES');
INSERT INTO `home_stay_details` (`LOCALITY_ID`, `HOME_STAY_NAME`, `HOME_STAY_ROOM_TYPE`, `AVL_ROOM`, `GUEST`, `BED_TYPE`, `FARE`, `ROOM_SERVICE`) VALUES ('4', 'SHINE STAR', 'DELUX ROOM AC', '7', '1', 'D', '809', 'YES');
INSERT INTO `home_stay_details` (`LOCALITY_ID`, `HOME_STAY_NAME`, `HOME_STAY_ROOM_TYPE`, `AVL_ROOM`, `GUEST`, `BED_TYPE`, `FARE`, `ROOM_SERVICE`) VALUES ('5', 'GO STOP AGRA', 'BED IN 8 DOORMITORY', '3', '1', 'S', '272', 'YES');
INSERT INTO `home_stay_details` (`LOCALITY_ID`, `HOME_STAY_NAME`, `HOME_STAY_ROOM_TYPE`, `AVL_ROOM`, `GUEST`, `BED_TYPE`, `FARE`, `ROOM_SERVICE`) VALUES ('5', 'GO STOP AGRA', 'BED 6 MIX AC', '8', '1', 'S', '361', 'YES');
INSERT INTO `home_stay_details` (`LOCALITY_ID`, `HOME_STAY_NAME`, `HOME_STAY_ROOM_TYPE`, `AVL_ROOM`, `GUEST`, `BED_TYPE`, `FARE`, `ROOM_SERVICE`) VALUES ('5', 'GO STOP AGRA', 'PRIVET AC', '6', '1', 'S', '1357', 'YES');
INSERT INTO `home_stay_details` (`LOCALITY_ID`, `HOME_STAY_NAME`, `HOME_STAY_ROOM_TYPE`, `AVL_ROOM`, `GUEST`, `BED_TYPE`, `FARE`, `ROOM_SERVICE`) VALUES ('6', 'JOEY\'S HOTEL', '1 IN 4 BED', '4', '1', 'S', '300', 'NA');
INSERT INTO `home_stay_details` (`LOCALITY_ID`, `HOME_STAY_NAME`, `HOME_STAY_ROOM_TYPE`, `AVL_ROOM`, `GUEST`, `BED_TYPE`, `FARE`, `ROOM_SERVICE`) VALUES ('6', 'JOEY\'S HOTEL', 'DELUX PRIVET ROOM', '5', '1', 'S', '824', 'NA');
INSERT INTO `home_stay_details` (`LOCALITY_ID`, `HOME_STAY_NAME`, `HOME_STAY_ROOM_TYPE`, `AVL_ROOM`, `GUEST`, `BED_TYPE`, `FARE`, `ROOM_SERVICE`) VALUES ('6', 'JOEY\'S HOTEL', 'SUPERIOR DOUBLE ROOM', '2', '1', 'S', '1182', 'NA');
INSERT INTO `home_stay_details` (`LOCALITY_ID`, `HOME_STAY_NAME`, `HOME_STAY_ROOM_TYPE`, `AVL_ROOM`, `GUEST`, `BED_TYPE`, `FARE`, `ROOM_SERVICE`) VALUES ('6', 'JOEY\'S HOTEL', 'QUAD ROOM', '4', '1', 'S', '1182', 'NA');
INSERT INTO `home_stay_details` (`LOCALITY_ID`, `HOME_STAY_NAME`, `HOME_STAY_ROOM_TYPE`, `AVL_ROOM`, `GUEST`, `BED_TYPE`, `FARE`, `ROOM_SERVICE`) VALUES ('7', 'IXORA SUITS', 'DELUX STUDIO', '5', '4', 'D', '1555', 'NA');
INSERT INTO `home_stay_details` (`LOCALITY_ID`, `HOME_STAY_NAME`, `HOME_STAY_ROOM_TYPE`, `AVL_ROOM`, `GUEST`, `BED_TYPE`, `FARE`, `ROOM_SERVICE`) VALUES ('7', 'IXORA SUITS', 'LUXURY STUDIO', '8', '4', 'D', '1988', 'NA');
INSERT INTO `home_stay_details` (`LOCALITY_ID`, `HOME_STAY_NAME`, `HOME_STAY_ROOM_TYPE`, `AVL_ROOM`, `GUEST`, `BED_TYPE`, `FARE`, `ROOM_SERVICE`) VALUES ('7', 'IXORA SUITS', '1BHK SUITS', '7', '4', 'D', '2273', 'NA');
INSERT INTO `home_stay_details` (`LOCALITY_ID`, `HOME_STAY_NAME`, `HOME_STAY_ROOM_TYPE`, `AVL_ROOM`, `GUEST`, `BED_TYPE`, `FARE`, `ROOM_SERVICE`) VALUES ('8', 'KADACKAL FARMHOUSE', 'ALPHONSO', '3', '3', 'D', '2708', 'YES');
INSERT INTO `home_stay_details` (`LOCALITY_ID`, `HOME_STAY_NAME`, `HOME_STAY_ROOM_TYPE`, `AVL_ROOM`, `GUEST`, `BED_TYPE`, `FARE`, `ROOM_SERVICE`) VALUES ('8', 'KADACKAL FARMHOUSE', 'MALLIKA', '1', '3', 'D', '2708', 'YES');
INSERT INTO `home_stay_details` (`LOCALITY_ID`, `HOME_STAY_NAME`, `HOME_STAY_ROOM_TYPE`, `AVL_ROOM`, `GUEST`, `BED_TYPE`, `FARE`, `ROOM_SERVICE`) VALUES ('8', 'KADACKAL FARMHOUSE', 'NEELAM DOUBLE DELUX', '7', '3', 'D', '3095', 'YES');
INSERT INTO `home_stay_details` (`LOCALITY_ID`, `HOME_STAY_NAME`, `HOME_STAY_ROOM_TYPE`, `AVL_ROOM`, `GUEST`, `BED_TYPE`, `FARE`, `ROOM_SERVICE`) VALUES ('9', 'KOLAM SERVICED APERTMENT', 'TWIN ROOM', '5', '4', 'D', '1867', 'NO');
INSERT INTO `home_stay_details` (`LOCALITY_ID`, `HOME_STAY_NAME`, `HOME_STAY_ROOM_TYPE`, `AVL_ROOM`, `GUEST`, `BED_TYPE`, `FARE`, `ROOM_SERVICE`) VALUES ('9', 'KOLAM SERVICED APERTMENT', 'QUEEN ROOM', '4', '4', 'D', '2122', 'NO');
INSERT INTO `home_stay_details` (`LOCALITY_ID`, `HOME_STAY_NAME`, `HOME_STAY_ROOM_TYPE`, `AVL_ROOM`, `GUEST`, `BED_TYPE`, `FARE`, `ROOM_SERVICE`) VALUES ('9', 'KOLAM SERVICED APERTMENT', 'MASTER ROOM', '5', '4', 'D', '2207', 'NO');
INSERT INTO `home_stay_details` (`LOCALITY_ID`, `HOME_STAY_NAME`, `HOME_STAY_ROOM_TYPE`, `AVL_ROOM`, `GUEST`, `BED_TYPE`, `FARE`, `ROOM_SERVICE`) VALUES ('10', 'FRIENDLYSTAY', 'STANDARD BUDJET ROOM', '9', '2', 'D', '783', 'NO');
INSERT INTO `home_stay_details` (`LOCALITY_ID`, `HOME_STAY_NAME`, `HOME_STAY_ROOM_TYPE`, `AVL_ROOM`, `GUEST`, `BED_TYPE`, `FARE`, `ROOM_SERVICE`) VALUES ('10', 'FRIENDLYSTAY', 'DELUXE ROOM', '8', '2', 'D', '1143', 'YES');
INSERT INTO `home_stay_details` (`LOCALITY_ID`, `HOME_STAY_NAME`, `HOME_STAY_ROOM_TYPE`, `AVL_ROOM`, `GUEST`, `BED_TYPE`, `FARE`, `ROOM_SERVICE`) VALUES ('10', 'FRIENDLYSTAY', 'EXECUTIVE ROOM', '3', '4', 'D', '2021', 'YES');
INSERT INTO `home_stay_details` (`LOCALITY_ID`, `HOME_STAY_NAME`, `HOME_STAY_ROOM_TYPE`, `AVL_ROOM`, `GUEST`, `BED_TYPE`, `FARE`, `ROOM_SERVICE`) VALUES ('11', 'GOLDEN PALM SUITS', 'DELUXE ROOM', '5', '4', 'D', '1994', 'NO');
INSERT INTO `home_stay_details` (`LOCALITY_ID`, `HOME_STAY_NAME`, `HOME_STAY_ROOM_TYPE`, `AVL_ROOM`, `GUEST`, `BED_TYPE`, `FARE`, `ROOM_SERVICE`) VALUES ('11', 'GOLDEN PALM SUITS', 'SUPER DELUXE ROOM', '4', '4', 'D', '2164', 'NO');
INSERT INTO `home_stay_details` (`LOCALITY_ID`, `HOME_STAY_NAME`, `HOME_STAY_ROOM_TYPE`, `AVL_ROOM`, `GUEST`, `BED_TYPE`, `FARE`, `ROOM_SERVICE`) VALUES ('12', 'COMFORT POINT', 'DELUXE ROOM', '3', '3', 'D', '1150', 'YES');
INSERT INTO `home_stay_details` (`LOCALITY_ID`, `HOME_STAY_NAME`, `HOME_STAY_ROOM_TYPE`, `AVL_ROOM`, `GUEST`, `BED_TYPE`, `FARE`, `ROOM_SERVICE`) VALUES ('12', 'COMFORT POINT', 'SUPER DELUXE ROOM', '6', '3', 'D', '1447', 'YES');
INSERT INTO `home_stay_details` (`LOCALITY_ID`, `HOME_STAY_NAME`, `HOME_STAY_ROOM_TYPE`, `AVL_ROOM`, `GUEST`, `BED_TYPE`, `FARE`, `ROOM_SERVICE`) VALUES ('13', 'MAJESTIC ECO COMFORT', 'PREMIUM ROOM', '6', '4', 'D', '3695', 'YES');
INSERT INTO `home_stay_details` (`LOCALITY_ID`, `HOME_STAY_NAME`, `HOME_STAY_ROOM_TYPE`, `AVL_ROOM`, `GUEST`, `BED_TYPE`, `FARE`, `ROOM_SERVICE`) VALUES ('14', 'AT HOME B&B DONAPAULA', 'SUPERIOR ROOM', '4', '3', 'D', '2372', 'YES');
INSERT INTO `home_stay_details` (`LOCALITY_ID`, `HOME_STAY_NAME`, `HOME_STAY_ROOM_TYPE`, `AVL_ROOM`, `GUEST`, `BED_TYPE`, `FARE`, `ROOM_SERVICE`) VALUES ('14', 'AT HOME B&B DONAPAULA', 'LUXURY ROOM', '5', '3', 'D', '2610', 'YES');
INSERT INTO `home_stay_details` (`LOCALITY_ID`, `HOME_STAY_NAME`, `HOME_STAY_ROOM_TYPE`, `AVL_ROOM`, `GUEST`, `BED_TYPE`, `FARE`, `ROOM_SERVICE`) VALUES ('14', 'AT HOME B&B DONAPAULA', 'DELUX ROOM', '8', '3', 'D', '2886', 'YES');
INSERT INTO `home_stay_details` (`LOCALITY_ID`, `HOME_STAY_NAME`, `HOME_STAY_ROOM_TYPE`, `AVL_ROOM`, `GUEST`, `BED_TYPE`, `FARE`, `ROOM_SERVICE`) VALUES ('14', 'AT HOME B&B DONAPAULA', 'DELUX FAMILY', '7', '3', 'D', '3796', 'YES');
INSERT INTO `home_stay_details` (`LOCALITY_ID`, `HOME_STAY_NAME`, `HOME_STAY_ROOM_TYPE`, `AVL_ROOM`, `GUEST`, `BED_TYPE`, `FARE`, `ROOM_SERVICE`) VALUES ('15', 'AADORONI CENTRAL HOMESTAY', 'DELUXE ROOM', '9', '4', 'D', '859', 'YES');
INSERT INTO `home_stay_details` (`LOCALITY_ID`, `HOME_STAY_NAME`, `HOME_STAY_ROOM_TYPE`, `AVL_ROOM`, `GUEST`, `BED_TYPE`, `FARE`, `ROOM_SERVICE`) VALUES ('15', 'AADORONI CENTRAL HOMESTAY', 'SUPER DELUXE ROOM', '3', '4', 'D', '1216', 'YES');
INSERT INTO `home_stay_details` (`LOCALITY_ID`, `HOME_STAY_NAME`, `HOME_STAY_ROOM_TYPE`, `AVL_ROOM`, `GUEST`, `BED_TYPE`, `FARE`, `ROOM_SERVICE`) VALUES ('16', 'TRANQVILLE', 'FAMILY  WITH BALCONY', '8', '4', 'D', '1042', 'YES');
INSERT INTO `home_stay_details` (`LOCALITY_ID`, `HOME_STAY_NAME`, `HOME_STAY_ROOM_TYPE`, `AVL_ROOM`, `GUEST`, `BED_TYPE`, `FARE`, `ROOM_SERVICE`) VALUES ('17', 'OAKWOOD RESIDENCE', 'STUDIO SUPERIOR', '4', '4', 'D', '4500', 'NO');
INSERT INTO `home_stay_details` (`LOCALITY_ID`, `HOME_STAY_NAME`, `HOME_STAY_ROOM_TYPE`, `AVL_ROOM`, `GUEST`, `BED_TYPE`, `FARE`, `ROOM_SERVICE`) VALUES ('17', 'OAKWOOD RESIDENCE', 'PREMIER ROOM', '5', '4', 'D', '6970', 'NO');
INSERT INTO `home_stay_details` (`LOCALITY_ID`, `HOME_STAY_NAME`, `HOME_STAY_ROOM_TYPE`, `AVL_ROOM`, `GUEST`, `BED_TYPE`, `FARE`, `ROOM_SERVICE`) VALUES ('17', 'OAKWOOD RESIDENCE', '1 BEDROOM DELUX', '2', '4', 'D', '8075', 'NO');
INSERT INTO `home_stay_details` (`LOCALITY_ID`, `HOME_STAY_NAME`, `HOME_STAY_ROOM_TYPE`, `AVL_ROOM`, `GUEST`, `BED_TYPE`, `FARE`, `ROOM_SERVICE`) VALUES ('18', 'SWAN SUITS', 'PREMIUM ROOM', '4', '4', 'D', '1207', 'NO');
INSERT INTO `home_stay_details` (`LOCALITY_ID`, `HOME_STAY_NAME`, `HOME_STAY_ROOM_TYPE`, `AVL_ROOM`, `GUEST`, `BED_TYPE`, `FARE`, `ROOM_SERVICE`) VALUES ('19', 'JAIPUR BUNGLOW', 'BLUE POTTERY 3', '5', '2', 'D', '1397', 'NO');
INSERT INTO `home_stay_details` (`LOCALITY_ID`, `HOME_STAY_NAME`, `HOME_STAY_ROOM_TYPE`, `AVL_ROOM`, `GUEST`, `BED_TYPE`, `FARE`, `ROOM_SERVICE`) VALUES ('19', 'JAIPUR BUNGLOW', 'BLUE POTTERY 1', '8', '3', 'D', '1747', 'NO');
INSERT INTO `home_stay_details` (`LOCALITY_ID`, `HOME_STAY_NAME`, `HOME_STAY_ROOM_TYPE`, `AVL_ROOM`, `GUEST`, `BED_TYPE`, `FARE`, `ROOM_SERVICE`) VALUES ('19', 'JAIPUR BUNGLOW', 'BLOCK PRINT PINK', '7', '4', 'D', '1921', 'NO');
INSERT INTO `home_stay_details` (`LOCALITY_ID`, `HOME_STAY_NAME`, `HOME_STAY_ROOM_TYPE`, `AVL_ROOM`, `GUEST`, `BED_TYPE`, `FARE`, `ROOM_SERVICE`) VALUES ('19', 'JAIPUR BUNGLOW', 'BLOCK PRINT BLUE', '3', '5', 'D', '1921', 'NO');
INSERT INTO `home_stay_details` (`LOCALITY_ID`, `HOME_STAY_NAME`, `HOME_STAY_ROOM_TYPE`, `AVL_ROOM`, `GUEST`, `BED_TYPE`, `FARE`, `ROOM_SERVICE`) VALUES ('19', 'JAIPUR BUNGLOW', 'WOODEN CRAFT', '1', '6', 'D', '2358', 'NO');
INSERT INTO `home_stay_details` (`LOCALITY_ID`, `HOME_STAY_NAME`, `HOME_STAY_ROOM_TYPE`, `AVL_ROOM`, `GUEST`, `BED_TYPE`, `FARE`, `ROOM_SERVICE`) VALUES ('20', 'ZOSTEL JAIPUR', 'MIXED DROM 1 IN 4', '7', '1', 'S', '399', 'YES');
INSERT INTO `home_stay_details` (`LOCALITY_ID`, `HOME_STAY_NAME`, `HOME_STAY_ROOM_TYPE`, `AVL_ROOM`, `GUEST`, `BED_TYPE`, `FARE`, `ROOM_SERVICE`) VALUES ('20', 'ZOSTEL JAIPUR', 'MIXED DROM 1 IN 6', '12', '2', 'S', '499', 'YES');
INSERT INTO `home_stay_details` (`LOCALITY_ID`, `HOME_STAY_NAME`, `HOME_STAY_ROOM_TYPE`, `AVL_ROOM`, `GUEST`, `BED_TYPE`, `FARE`, `ROOM_SERVICE`) VALUES ('20', 'ZOSTEL JAIPUR', 'DELUX PRIVET ROOM', '8', '3', 'S', '1499', 'YES');
INSERT INTO `home_stay_details` (`LOCALITY_ID`, `HOME_STAY_NAME`, `HOME_STAY_ROOM_TYPE`, `AVL_ROOM`, `GUEST`, `BED_TYPE`, `FARE`, `ROOM_SERVICE`) VALUES ('21', 'WINDSOR SUITS', 'DELUX ROOM', '5', '4', 'D', '2333', 'YES');
INSERT INTO `home_stay_details` (`LOCALITY_ID`, `HOME_STAY_NAME`, `HOME_STAY_ROOM_TYPE`, `AVL_ROOM`, `GUEST`, `BED_TYPE`, `FARE`, `ROOM_SERVICE`) VALUES ('22', 'KOLLOLINI KOLKATA', 'ECONOMY', '9', '2', 'D', '1022', 'YES');
INSERT INTO `home_stay_details` (`LOCALITY_ID`, `HOME_STAY_NAME`, `HOME_STAY_ROOM_TYPE`, `AVL_ROOM`, `GUEST`, `BED_TYPE`, `FARE`, `ROOM_SERVICE`) VALUES ('22', 'KOLLOLINI KOLKATA', 'SUPER DELUX', '8', '2', 'D', '1419', 'YES');
INSERT INTO `home_stay_details` (`LOCALITY_ID`, `HOME_STAY_NAME`, `HOME_STAY_ROOM_TYPE`, `AVL_ROOM`, `GUEST`, `BED_TYPE`, `FARE`, `ROOM_SERVICE`) VALUES ('23', 'CORAL SHELTERS', 'STANDERD AC ROOM', '2', '3', 'D', '845', 'NO');
INSERT INTO `home_stay_details` (`LOCALITY_ID`, `HOME_STAY_NAME`, `HOME_STAY_ROOM_TYPE`, `AVL_ROOM`, `GUEST`, `BED_TYPE`, `FARE`, `ROOM_SERVICE`) VALUES ('24', 'DREAMY PINEWOOD VILLA', '1 BHK', '5', '5', 'D', '3050', 'YES');
INSERT INTO `home_stay_details` (`LOCALITY_ID`, `HOME_STAY_NAME`, `HOME_STAY_ROOM_TYPE`, `AVL_ROOM`, `GUEST`, `BED_TYPE`, `FARE`, `ROOM_SERVICE`) VALUES ('25', 'LAKESITE CHALET MARRIOT', '1 BEDROOM HILL VIEW', '12', '2', 'D', '6900', 'YES');
INSERT INTO `home_stay_details` (`LOCALITY_ID`, `HOME_STAY_NAME`, `HOME_STAY_ROOM_TYPE`, `AVL_ROOM`, `GUEST`, `BED_TYPE`, `FARE`, `ROOM_SERVICE`) VALUES ('25', 'LAKESITE CHALET MARRIOT', '1 BEDROOM LAKE VIEW', '6', '3', 'D', '8900', 'YES');
INSERT INTO `home_stay_details` (`LOCALITY_ID`, `HOME_STAY_NAME`, `HOME_STAY_ROOM_TYPE`, `AVL_ROOM`, `GUEST`, `BED_TYPE`, `FARE`, `ROOM_SERVICE`) VALUES ('25', 'LAKESITE CHALET MARRIOT', '2 BEDROOM LAKE VIEW', '4', '4', 'D', '16900', 'YES');
INSERT INTO `home_stay_details` (`LOCALITY_ID`, `HOME_STAY_NAME`, `HOME_STAY_ROOM_TYPE`, `AVL_ROOM`, `GUEST`, `BED_TYPE`, `FARE`, `ROOM_SERVICE`) VALUES ('26', 'GO STOP MUMBAI', 'BED IN 20', '5', '1', 'S', '452', 'YES');
INSERT INTO `home_stay_details` (`LOCALITY_ID`, `HOME_STAY_NAME`, `HOME_STAY_ROOM_TYPE`, `AVL_ROOM`, `GUEST`, `BED_TYPE`, `FARE`, `ROOM_SERVICE`) VALUES ('26', 'GO STOP MUMBAI', 'BED IN 12', '8', '1', 'S', '497', 'YES');
INSERT INTO `home_stay_details` (`LOCALITY_ID`, `HOME_STAY_NAME`, `HOME_STAY_ROOM_TYPE`, `AVL_ROOM`, `GUEST`, `BED_TYPE`, `FARE`, `ROOM_SERVICE`) VALUES ('26', 'GO STOP MUMBAI', 'BED IN 8', '1', '1', 'S', '587', 'YES');
INSERT INTO `home_stay_details` (`LOCALITY_ID`, `HOME_STAY_NAME`, `HOME_STAY_ROOM_TYPE`, `AVL_ROOM`, `GUEST`, `BED_TYPE`, `FARE`, `ROOM_SERVICE`) VALUES ('26', 'GO STOP MUMBAI', 'BED IN 6', '10', '1', 'S', '678', 'YES');
INSERT INTO `home_stay_details` (`LOCALITY_ID`, `HOME_STAY_NAME`, `HOME_STAY_ROOM_TYPE`, `AVL_ROOM`, `GUEST`, `BED_TYPE`, `FARE`, `ROOM_SERVICE`) VALUES ('26', 'GO STOP MUMBAI', 'BED IN 4', '0', '1', 'S', '724', 'YES');
INSERT INTO `home_stay_details` (`LOCALITY_ID`, `HOME_STAY_NAME`, `HOME_STAY_ROOM_TYPE`, `AVL_ROOM`, `GUEST`, `BED_TYPE`, `FARE`, `ROOM_SERVICE`) VALUES ('26', 'GO STOP MUMBAI', 'PRIVET STANDERD', '9', '1', 'S', '1809', 'YES');
INSERT INTO `home_stay_details` (`LOCALITY_ID`, `HOME_STAY_NAME`, `HOME_STAY_ROOM_TYPE`, `AVL_ROOM`, `GUEST`, `BED_TYPE`, `FARE`, `ROOM_SERVICE`) VALUES ('26', 'GO STOP MUMBAI', 'PRIVET DOUBLE', '8', '2', 'D', '2171', 'YES');
INSERT INTO `home_stay_details` (`LOCALITY_ID`, `HOME_STAY_NAME`, `HOME_STAY_ROOM_TYPE`, `AVL_ROOM`, `GUEST`, `BED_TYPE`, `FARE`, `ROOM_SERVICE`) VALUES ('27', 'AR SUITS', '1 BHK', '4', '4', 'D', '3288', 'YES');
INSERT INTO `home_stay_details` (`LOCALITY_ID`, `HOME_STAY_NAME`, `HOME_STAY_ROOM_TYPE`, `AVL_ROOM`, `GUEST`, `BED_TYPE`, `FARE`, `ROOM_SERVICE`) VALUES ('28', 'EMA HOMESTAY', 'DELUX AC ROOM', '5', '4', 'D', '1032', 'YES');
INSERT INTO `home_stay_details` (`LOCALITY_ID`, `HOME_STAY_NAME`, `HOME_STAY_ROOM_TYPE`, `AVL_ROOM`, `GUEST`, `BED_TYPE`, `FARE`, `ROOM_SERVICE`) VALUES ('29', 'HOUSE SWITZERLAND', 'BUDJET ROOM', '7', '4', 'D', '882', 'NO');
INSERT INTO `home_stay_details` (`LOCALITY_ID`, `HOME_STAY_NAME`, `HOME_STAY_ROOM_TYPE`, `AVL_ROOM`, `GUEST`, `BED_TYPE`, `FARE`, `ROOM_SERVICE`) VALUES ('29', 'HOUSE SWITZERLAND', 'DELUX ROOM', '8', '4', 'D', '882', 'NO');
INSERT INTO `home_stay_details` (`LOCALITY_ID`, `HOME_STAY_NAME`, `HOME_STAY_ROOM_TYPE`, `AVL_ROOM`, `GUEST`, `BED_TYPE`, `FARE`, `ROOM_SERVICE`) VALUES ('29', 'HOUSE SWITZERLAND', 'SHOTSSTAY ROOM', '5', '4', 'D', '970', 'NO');
INSERT INTO `home_stay_details` (`LOCALITY_ID`, `HOME_STAY_NAME`, `HOME_STAY_ROOM_TYPE`, `AVL_ROOM`, `GUEST`, `BED_TYPE`, `FARE`, `ROOM_SERVICE`) VALUES ('30', 'NEW JERSEY HOUSEBOAT', 'PREMIUM DELIGHT', '8', '4', 'D', '2953', 'YES');
INSERT INTO `home_stay_details` (`LOCALITY_ID`, `HOME_STAY_NAME`, `HOME_STAY_ROOM_TYPE`, `AVL_ROOM`, `GUEST`, `BED_TYPE`, `FARE`, `ROOM_SERVICE`) VALUES ('31', 'ROSE HERITAGE HOME', 'SADHU DELUX ROOM', '3', '3', 'D', '3310', 'YES');
INSERT INTO `home_stay_details` (`LOCALITY_ID`, `HOME_STAY_NAME`, `HOME_STAY_ROOM_TYPE`, `AVL_ROOM`, `GUEST`, `BED_TYPE`, `FARE`, `ROOM_SERVICE`) VALUES ('31', 'ROSE HERITAGE HOME', 'MAHARAJA DELUX ROOM', '1', '3', 'D', '3881', 'YES');
INSERT INTO `home_stay_details` (`LOCALITY_ID`, `HOME_STAY_NAME`, `HOME_STAY_ROOM_TYPE`, `AVL_ROOM`, `GUEST`, `BED_TYPE`, `FARE`, `ROOM_SERVICE`) VALUES ('31', 'ROSE HERITAGE HOME', 'MAHARANI SUIT ROOM', '7', '3', 'D', '5386', 'YES');
INSERT INTO `home_stay_details` (`LOCALITY_ID`, `HOME_STAY_NAME`, `HOME_STAY_ROOM_TYPE`, `AVL_ROOM`, `GUEST`, `BED_TYPE`, `FARE`, `ROOM_SERVICE`) VALUES ('31', 'ROSE HERITAGE HOME', 'PRINCES SUIT ROOM', '1', '3', 'D', '5940', 'YES');
INSERT INTO `home_stay_details` (`LOCALITY_ID`, `HOME_STAY_NAME`, `HOME_STAY_ROOM_TYPE`, `AVL_ROOM`, `GUEST`, `BED_TYPE`, `FARE`, `ROOM_SERVICE`) VALUES ('32', 'VILLA BENARES', 'DOUBLE ROOM', '5', '4', 'D', '1640', 'YES');
INSERT INTO `home_stay_details` (`LOCALITY_ID`, `HOME_STAY_NAME`, `HOME_STAY_ROOM_TYPE`, `AVL_ROOM`, `GUEST`, `BED_TYPE`, `FARE`, `ROOM_SERVICE`) VALUES ('32', 'VILLA BENARES', 'SUPERIOR KING', '4', '5', 'D', '2358', 'YES');
INSERT INTO `home_stay_details` (`LOCALITY_ID`, `HOME_STAY_NAME`, `HOME_STAY_ROOM_TYPE`, `AVL_ROOM`, `GUEST`, `BED_TYPE`, `FARE`, `ROOM_SERVICE`) VALUES ('32', 'VILLA BENARES', 'DOUBLE ROOM PARK VIEW', '5', '6', 'D', '2515', 'YES');
INSERT INTO `home_stay_details` (`LOCALITY_ID`, `HOME_STAY_NAME`, `HOME_STAY_ROOM_TYPE`, `AVL_ROOM`, `GUEST`, `BED_TYPE`, `FARE`, `ROOM_SERVICE`) VALUES ('32', 'VILLA BENARES', 'SUPERIOR VILLA', '9', '7', 'D', '16916', 'YES');

use mysqlproject;
INSERT INTO `home_stay_room_size` (`LOCALITY_ID`, `HOME_STAY_NAME`, `HOME_ROOM_SIZE`) VALUES ('1', 'SUNSHINE DORMITORY', '120');
INSERT INTO `home_stay_room_size` (`LOCALITY_ID`, `HOME_STAY_NAME`, `HOME_ROOM_SIZE`) VALUES ('2', 'HAPPY HOMES', '162');
INSERT INTO `home_stay_room_size` (`LOCALITY_ID`, `HOME_STAY_NAME`, `HOME_ROOM_SIZE`) VALUES ('3', 'MADPACKERS AMRITSAR', '120');
INSERT INTO `home_stay_room_size` (`LOCALITY_ID`, `HOME_STAY_NAME`, `HOME_ROOM_SIZE`) VALUES ('3', 'MADPACKERS AMRITSAR', '192');
INSERT INTO `home_stay_room_size` (`LOCALITY_ID`, `HOME_STAY_NAME`, `HOME_ROOM_SIZE`) VALUES ('4', 'SHINE STAR', '192');
INSERT INTO `home_stay_room_size` (`LOCALITY_ID`, `HOME_STAY_NAME`, `HOME_ROOM_SIZE`) VALUES ('5', 'GO STOP AGRA', '120');
INSERT INTO `home_stay_room_size` (`LOCALITY_ID`, `HOME_STAY_NAME`, `HOME_ROOM_SIZE`) VALUES ('6', 'JOEY\'S HOTEL', '196');
INSERT INTO `home_stay_room_size` (`LOCALITY_ID`, `HOME_STAY_NAME`, `HOME_ROOM_SIZE`) VALUES ('7', 'IXORA SUITS', '262');
INSERT INTO `home_stay_room_size` (`LOCALITY_ID`, `HOME_STAY_NAME`, `HOME_ROOM_SIZE`) VALUES ('8', 'KADACKAL FARMHOUSE', '222');
INSERT INTO `home_stay_room_size` (`LOCALITY_ID`, `HOME_STAY_NAME`, `HOME_ROOM_SIZE`) VALUES ('9', 'KOLAM SERVICED APERTMENT', '264');
INSERT INTO `home_stay_room_size` (`LOCALITY_ID`, `HOME_STAY_NAME`, `HOME_ROOM_SIZE`) VALUES ('10', 'FRIENDLYSTAY', '192');
INSERT INTO `home_stay_room_size` (`LOCALITY_ID`, `HOME_STAY_NAME`, `HOME_ROOM_SIZE`) VALUES ('11', 'GOLDEN PALM SUITS', '264');
INSERT INTO `home_stay_room_size` (`LOCALITY_ID`, `HOME_STAY_NAME`, `HOME_ROOM_SIZE`) VALUES ('12', 'COMFORT POINT', '196');
INSERT INTO `home_stay_room_size` (`LOCALITY_ID`, `HOME_STAY_NAME`, `HOME_ROOM_SIZE`) VALUES ('13', 'MAJESTIC ECO COMFORT', '600');
INSERT INTO `home_stay_room_size` (`LOCALITY_ID`, `HOME_STAY_NAME`, `HOME_ROOM_SIZE`) VALUES ('14', 'AT HOME B&B DONAPAULA', '300');
INSERT INTO `home_stay_room_size` (`LOCALITY_ID`, `HOME_STAY_NAME`, `HOME_ROOM_SIZE`) VALUES ('14', 'AT HOME B&B DONAPAULA', '462');
INSERT INTO `home_stay_room_size` (`LOCALITY_ID`, `HOME_STAY_NAME`, `HOME_ROOM_SIZE`) VALUES ('15', 'AADORONI CENTRAL HOMESTAY', '196');
INSERT INTO `home_stay_room_size` (`LOCALITY_ID`, `HOME_STAY_NAME`, `HOME_ROOM_SIZE`) VALUES ('15', 'AADORONI CENTRAL HOMESTAY', '144');
INSERT INTO `home_stay_room_size` (`LOCALITY_ID`, `HOME_STAY_NAME`, `HOME_ROOM_SIZE`) VALUES ('16', 'TRANQVILLE', '150');
INSERT INTO `home_stay_room_size` (`LOCALITY_ID`, `HOME_STAY_NAME`, `HOME_ROOM_SIZE`) VALUES ('17', 'OAKWOOD RESIDENCE', '380');
INSERT INTO `home_stay_room_size` (`LOCALITY_ID`, `HOME_STAY_NAME`, `HOME_ROOM_SIZE`) VALUES ('17', 'OAKWOOD RESIDENCE', '472');
INSERT INTO `home_stay_room_size` (`LOCALITY_ID`, `HOME_STAY_NAME`, `HOME_ROOM_SIZE`) VALUES ('18', 'SWAN SUITS', '196');
INSERT INTO `home_stay_room_size` (`LOCALITY_ID`, `HOME_STAY_NAME`, `HOME_ROOM_SIZE`) VALUES ('19', 'JAIPUR BUNGLOW', '300');
INSERT INTO `home_stay_room_size` (`LOCALITY_ID`, `HOME_STAY_NAME`, `HOME_ROOM_SIZE`) VALUES ('19', 'JAIPUR BUNGLOW', '462');
INSERT INTO `home_stay_room_size` (`LOCALITY_ID`, `HOME_STAY_NAME`, `HOME_ROOM_SIZE`) VALUES ('19', 'JAIPUR BUNGLOW', '600');
INSERT INTO `home_stay_room_size` (`LOCALITY_ID`, `HOME_STAY_NAME`, `HOME_ROOM_SIZE`) VALUES ('20', 'ZOSTEL JAIPUR', '192');
INSERT INTO `home_stay_room_size` (`LOCALITY_ID`, `HOME_STAY_NAME`, `HOME_ROOM_SIZE`) VALUES ('20', 'ZOSTEL JAIPUR', '120');
INSERT INTO `home_stay_room_size` (`LOCALITY_ID`, `HOME_STAY_NAME`, `HOME_ROOM_SIZE`) VALUES ('21', 'WINDSOR SUITS', '100');
INSERT INTO `home_stay_room_size` (`LOCALITY_ID`, `HOME_STAY_NAME`, `HOME_ROOM_SIZE`) VALUES ('22', 'KOLLOLINI KOLKATA', '120');
INSERT INTO `home_stay_room_size` (`LOCALITY_ID`, `HOME_STAY_NAME`, `HOME_ROOM_SIZE`) VALUES ('22', 'KOLLOLINI KOLKATA', '216');
INSERT INTO `home_stay_room_size` (`LOCALITY_ID`, `HOME_STAY_NAME`, `HOME_ROOM_SIZE`) VALUES ('23', 'CORAL SHELTERS', '140');
INSERT INTO `home_stay_room_size` (`LOCALITY_ID`, `HOME_STAY_NAME`, `HOME_ROOM_SIZE`) VALUES ('24', 'DREAMY PINEWOOD VILLA', '192');
INSERT INTO `home_stay_room_size` (`LOCALITY_ID`, `HOME_STAY_NAME`, `HOME_ROOM_SIZE`) VALUES ('25', 'LAKESITE CHALET MARRIOT', '560');
INSERT INTO `home_stay_room_size` (`LOCALITY_ID`, `HOME_STAY_NAME`, `HOME_ROOM_SIZE`) VALUES ('25', 'LAKESITE CHALET MARRIOT', '1060');
INSERT INTO `home_stay_room_size` (`LOCALITY_ID`, `HOME_STAY_NAME`, `HOME_ROOM_SIZE`) VALUES ('26', 'GO STOP MUMBAI', '144');
INSERT INTO `home_stay_room_size` (`LOCALITY_ID`, `HOME_STAY_NAME`, `HOME_ROOM_SIZE`) VALUES ('26', 'GO STOP MUMBAI', '129');
INSERT INTO `home_stay_room_size` (`LOCALITY_ID`, `HOME_STAY_NAME`, `HOME_ROOM_SIZE`) VALUES ('26', 'GO STOP MUMBAI', '100');
INSERT INTO `home_stay_room_size` (`LOCALITY_ID`, `HOME_STAY_NAME`, `HOME_ROOM_SIZE`) VALUES ('27', 'AR SUITS', '468');
INSERT INTO `home_stay_room_size` (`LOCALITY_ID`, `HOME_STAY_NAME`, `HOME_ROOM_SIZE`) VALUES ('28', 'EMA HOMESTAY', '100');
INSERT INTO `home_stay_room_size` (`LOCALITY_ID`, `HOME_STAY_NAME`, `HOME_ROOM_SIZE`) VALUES ('29', 'HOUSE SWITZERLAND', '168');
INSERT INTO `home_stay_room_size` (`LOCALITY_ID`, `HOME_STAY_NAME`, `HOME_ROOM_SIZE`) VALUES ('29', 'HOUSE SWITZERLAND', '196');
INSERT INTO `home_stay_room_size` (`LOCALITY_ID`, `HOME_STAY_NAME`, `HOME_ROOM_SIZE`) VALUES ('29', 'HOUSE SWITZERLAND', '144');
INSERT INTO `home_stay_room_size` (`LOCALITY_ID`, `HOME_STAY_NAME`, `HOME_ROOM_SIZE`) VALUES ('30', 'NEW JERSEY HOUSEBOAT', '255');
INSERT INTO `home_stay_room_size` (`LOCALITY_ID`, `HOME_STAY_NAME`, `HOME_ROOM_SIZE`) VALUES ('31', 'ROSE HERITAGE HOME', '440');
INSERT INTO `home_stay_room_size` (`LOCALITY_ID`, `HOME_STAY_NAME`, `HOME_ROOM_SIZE`) VALUES ('31', 'ROSE HERITAGE HOME', '168');
INSERT INTO `home_stay_room_size` (`LOCALITY_ID`, `HOME_STAY_NAME`, `HOME_ROOM_SIZE`) VALUES ('31', 'ROSE HERITAGE HOME', '462');
INSERT INTO `home_stay_room_size` (`LOCALITY_ID`, `HOME_STAY_NAME`, `HOME_ROOM_SIZE`) VALUES ('31', 'ROSE HERITAGE HOME', '484');
INSERT INTO `home_stay_room_size` (`LOCALITY_ID`, `HOME_STAY_NAME`, `HOME_ROOM_SIZE`) VALUES ('32', 'VILLA BENARES', '285');

use mysqlproject;
INSERT INTO `home_stay_facility` (`LOCALITY_ID`, `HOME_STAY_NAME`, `LOCALITY_NAME`, `ROOM_TYPE`, `ROOM_FACILITY`) VALUES ('2', 'HAPPY HOMES', 'SHERKOTDA', 'DELUX  ROOM', 'AC');
INSERT INTO `home_stay_facility` (`LOCALITY_ID`, `HOME_STAY_NAME`, `LOCALITY_NAME`, `ROOM_TYPE`, `ROOM_FACILITY`) VALUES ('4', 'SHINE STAR', 'AMRITSAR', 'DELUX ROOM AC', 'AC');
INSERT INTO `home_stay_facility` (`LOCALITY_ID`, `HOME_STAY_NAME`, `LOCALITY_NAME`, `ROOM_TYPE`, `ROOM_FACILITY`) VALUES ('5', 'GO STOP AGRA', 'FATEHBAD ROAD', 'BED 6 MIX AC', 'AC');
INSERT INTO `home_stay_facility` (`LOCALITY_ID`, `HOME_STAY_NAME`, `LOCALITY_NAME`, `ROOM_TYPE`, `ROOM_FACILITY`) VALUES ('5', 'GO STOP AGRA', 'FATEHBAD ROAD', 'PRIVET AC', 'AC');
INSERT INTO `home_stay_facility` (`LOCALITY_ID`, `HOME_STAY_NAME`, `LOCALITY_NAME`, `ROOM_TYPE`, `ROOM_FACILITY`) VALUES ('8', 'KADACKAL FARMHOUSE', 'BYLAKERE', 'ALPHONSO', 'AC');
INSERT INTO `home_stay_facility` (`LOCALITY_ID`, `HOME_STAY_NAME`, `LOCALITY_NAME`, `ROOM_TYPE`, `ROOM_FACILITY`) VALUES ('8', 'KADACKAL FARMHOUSE', 'BYLAKERE', 'MALLIKA', 'AC');
INSERT INTO `home_stay_facility` (`LOCALITY_ID`, `HOME_STAY_NAME`, `LOCALITY_NAME`, `ROOM_TYPE`, `ROOM_FACILITY`) VALUES ('8', 'KADACKAL FARMHOUSE', 'BYLAKERE', 'NEELAM DOUBLE DELUX', 'AC');
INSERT INTO `home_stay_facility` (`LOCALITY_ID`, `HOME_STAY_NAME`, `LOCALITY_NAME`, `ROOM_TYPE`, `ROOM_FACILITY`) VALUES ('9', 'KOLAM SERVICED APERTMENT', 'ADYAR', 'TWIN ROOM', 'AC');
INSERT INTO `home_stay_facility` (`LOCALITY_ID`, `HOME_STAY_NAME`, `LOCALITY_NAME`, `ROOM_TYPE`, `ROOM_FACILITY`) VALUES ('9', 'KOLAM SERVICED APERTMENT', 'ADYAR', 'MASTER ROOM', 'AC');
INSERT INTO `home_stay_facility` (`LOCALITY_ID`, `HOME_STAY_NAME`, `LOCALITY_NAME`, `ROOM_TYPE`, `ROOM_FACILITY`) VALUES ('10', 'FRIENDLYSTAY', 'KOLAPAKKAM', 'EXECUTIVE ROOM', 'AC');
INSERT INTO `home_stay_facility` (`LOCALITY_ID`, `HOME_STAY_NAME`, `LOCALITY_NAME`, `ROOM_TYPE`, `ROOM_FACILITY`) VALUES ('11', 'GOLDEN PALM SUITS', 'SECTOR 12 DWARKA', 'DELUXE ROOM', 'AC');
INSERT INTO `home_stay_facility` (`LOCALITY_ID`, `HOME_STAY_NAME`, `LOCALITY_NAME`, `ROOM_TYPE`, `ROOM_FACILITY`) VALUES ('11', 'GOLDEN PALM SUITS', 'SECTOR 12 DWARKA', 'SUPER DELUXE ROOM', 'AC');
INSERT INTO `home_stay_facility` (`LOCALITY_ID`, `HOME_STAY_NAME`, `LOCALITY_NAME`, `ROOM_TYPE`, `ROOM_FACILITY`) VALUES ('12', 'COMFORT POINT', 'SAFDARJUNG ENCLAVE', 'DELUXE ROOM', 'AC');
INSERT INTO `home_stay_facility` (`LOCALITY_ID`, `HOME_STAY_NAME`, `LOCALITY_NAME`, `ROOM_TYPE`, `ROOM_FACILITY`) VALUES ('12', 'COMFORT POINT', 'SAFDARJUNG ENCLAVE', 'SUPER DELUXE ROOM', 'AC');
INSERT INTO `home_stay_facility` (`LOCALITY_ID`, `HOME_STAY_NAME`, `LOCALITY_NAME`, `ROOM_TYPE`, `ROOM_FACILITY`) VALUES ('13', 'MAJESTIC ECO COMFORT', 'VARCA', 'PREMIUM ROOM', 'AC');
INSERT INTO `home_stay_facility` (`LOCALITY_ID`, `HOME_STAY_NAME`, `LOCALITY_NAME`, `ROOM_TYPE`, `ROOM_FACILITY`) VALUES ('14', 'AT HOME B&B DONAPAULA', 'PANJIM', 'SUPERIOR ROOM', 'AC');
INSERT INTO `home_stay_facility` (`LOCALITY_ID`, `HOME_STAY_NAME`, `LOCALITY_NAME`, `ROOM_TYPE`, `ROOM_FACILITY`) VALUES ('14', 'AT HOME B&B DONAPAULA', 'PANJIM', 'LUXURY ROOM', 'AC');
INSERT INTO `home_stay_facility` (`LOCALITY_ID`, `HOME_STAY_NAME`, `LOCALITY_NAME`, `ROOM_TYPE`, `ROOM_FACILITY`) VALUES ('14', 'AT HOME B&B DONAPAULA', 'PANJIM', 'DELUX ROOM', 'AC');
INSERT INTO `home_stay_facility` (`LOCALITY_ID`, `HOME_STAY_NAME`, `LOCALITY_NAME`, `ROOM_TYPE`, `ROOM_FACILITY`) VALUES ('14', 'AT HOME B&B DONAPAULA', 'PANJIM', 'DELUX FAMILY', 'AC');
INSERT INTO `home_stay_facility` (`LOCALITY_ID`, `HOME_STAY_NAME`, `LOCALITY_NAME`, `ROOM_TYPE`, `ROOM_FACILITY`) VALUES ('16', 'TRANQVILLE', 'AMBIKAGIRINAGAR', 'FAMILY  WITH BALCONY', 'AC');
INSERT INTO `home_stay_facility` (`LOCALITY_ID`, `HOME_STAY_NAME`, `LOCALITY_NAME`, `ROOM_TYPE`, `ROOM_FACILITY`) VALUES ('17', 'OAKWOOD RESIDENCE', 'NANAKRAM', 'STUDIO SUPERIOR', 'AC');
INSERT INTO `home_stay_facility` (`LOCALITY_ID`, `HOME_STAY_NAME`, `LOCALITY_NAME`, `ROOM_TYPE`, `ROOM_FACILITY`) VALUES ('17', 'OAKWOOD RESIDENCE', 'NANAKRAM', 'PREMIER ROOM', 'AC');
INSERT INTO `home_stay_facility` (`LOCALITY_ID`, `HOME_STAY_NAME`, `LOCALITY_NAME`, `ROOM_TYPE`, `ROOM_FACILITY`) VALUES ('17', 'OAKWOOD RESIDENCE', 'NANAKRAM', '1 BEDROOM DELUX', 'AC');
INSERT INTO `home_stay_facility` (`LOCALITY_ID`, `HOME_STAY_NAME`, `LOCALITY_NAME`, `ROOM_TYPE`, `ROOM_FACILITY`) VALUES ('19', 'JAIPUR BUNGLOW', 'SHYAM NAGAR', 'BLUE POTTERY 3', 'AC');
INSERT INTO `home_stay_facility` (`LOCALITY_ID`, `HOME_STAY_NAME`, `LOCALITY_NAME`, `ROOM_TYPE`, `ROOM_FACILITY`) VALUES ('19', 'JAIPUR BUNGLOW', 'SHYAM NAGAR', 'BLUE POTTERY 1', 'AC');
INSERT INTO `home_stay_facility` (`LOCALITY_ID`, `HOME_STAY_NAME`, `LOCALITY_NAME`, `ROOM_TYPE`, `ROOM_FACILITY`) VALUES ('19', 'JAIPUR BUNGLOW', 'SHYAM NAGAR', 'BLOCK PRINT PINK', 'AC');
INSERT INTO `home_stay_facility` (`LOCALITY_ID`, `HOME_STAY_NAME`, `LOCALITY_NAME`, `ROOM_TYPE`, `ROOM_FACILITY`) VALUES ('19', 'JAIPUR BUNGLOW', 'SHYAM NAGAR', 'BLOCK PRINT BLUE', 'AC');
INSERT INTO `home_stay_facility` (`LOCALITY_ID`, `HOME_STAY_NAME`, `LOCALITY_NAME`, `ROOM_TYPE`, `ROOM_FACILITY`) VALUES ('19', 'JAIPUR BUNGLOW', 'SHYAM NAGAR', 'WOODEN CRAFT', 'AC');
INSERT INTO `home_stay_facility` (`LOCALITY_ID`, `HOME_STAY_NAME`, `LOCALITY_NAME`, `ROOM_TYPE`, `ROOM_FACILITY`) VALUES ('22', 'KOLLOLINI KOLKATA', 'EAST KOLKATA TOWNSHIP', 'ECONOMY', 'AC');
INSERT INTO `home_stay_facility` (`LOCALITY_ID`, `HOME_STAY_NAME`, `LOCALITY_NAME`, `ROOM_TYPE`, `ROOM_FACILITY`) VALUES ('22', 'KOLLOLINI KOLKATA', 'EAST KOLKATA TOWNSHIP', 'SUPER DELUX', 'AC');
INSERT INTO `home_stay_facility` (`LOCALITY_ID`, `HOME_STAY_NAME`, `LOCALITY_NAME`, `ROOM_TYPE`, `ROOM_FACILITY`) VALUES ('23', 'CORAL SHELTERS', 'KODIKULAM', 'STANDERD AC ROOM', 'AC');
INSERT INTO `home_stay_facility` (`LOCALITY_ID`, `HOME_STAY_NAME`, `LOCALITY_NAME`, `ROOM_TYPE`, `ROOM_FACILITY`) VALUES ('24', 'DREAMY PINEWOOD VILLA', 'VENKATACHALAPATHY NAGAR', '1 BHK', 'AC');
INSERT INTO `home_stay_facility` (`LOCALITY_ID`, `HOME_STAY_NAME`, `LOCALITY_NAME`, `ROOM_TYPE`, `ROOM_FACILITY`) VALUES ('25', 'LAKESITE CHALET MARRIOT', 'PAWOI', '1 BEDROOM HILL VIEW', 'AC');
INSERT INTO `home_stay_facility` (`LOCALITY_ID`, `HOME_STAY_NAME`, `LOCALITY_NAME`, `ROOM_TYPE`, `ROOM_FACILITY`) VALUES ('25', 'LAKESITE CHALET MARRIOT', 'PAWOI', '1 BEDROOM LAKE VIEW', 'AC');
INSERT INTO `home_stay_facility` (`LOCALITY_ID`, `HOME_STAY_NAME`, `LOCALITY_NAME`, `ROOM_TYPE`, `ROOM_FACILITY`) VALUES ('25', 'LAKESITE CHALET MARRIOT', 'PAWOI', '2 BEDROOM LAKE VIEW', 'AC');
INSERT INTO `home_stay_facility` (`LOCALITY_ID`, `HOME_STAY_NAME`, `LOCALITY_NAME`, `ROOM_TYPE`, `ROOM_FACILITY`) VALUES ('26', 'GO STOP MUMBAI', 'SOUTH MUMBAI', 'BED IN 20', 'AC');
INSERT INTO `home_stay_facility` (`LOCALITY_ID`, `HOME_STAY_NAME`, `LOCALITY_NAME`, `ROOM_TYPE`, `ROOM_FACILITY`) VALUES ('26', 'GO STOP MUMBAI', 'SOUTH MUMBAI', 'BED IN 12', 'AC');
INSERT INTO `home_stay_facility` (`LOCALITY_ID`, `HOME_STAY_NAME`, `LOCALITY_NAME`, `ROOM_TYPE`, `ROOM_FACILITY`) VALUES ('26', 'GO STOP MUMBAI', 'SOUTH MUMBAI', 'BED IN 8', 'AC');
INSERT INTO `home_stay_facility` (`LOCALITY_ID`, `HOME_STAY_NAME`, `LOCALITY_NAME`, `ROOM_TYPE`, `ROOM_FACILITY`) VALUES ('26', 'GO STOP MUMBAI', 'SOUTH MUMBAI', 'BED IN 6', 'AC');
INSERT INTO `home_stay_facility` (`LOCALITY_ID`, `HOME_STAY_NAME`, `LOCALITY_NAME`, `ROOM_TYPE`, `ROOM_FACILITY`) VALUES ('26', 'GO STOP MUMBAI', 'SOUTH MUMBAI', 'BED IN 4', 'AC');
INSERT INTO `home_stay_facility` (`LOCALITY_ID`, `HOME_STAY_NAME`, `LOCALITY_NAME`, `ROOM_TYPE`, `ROOM_FACILITY`) VALUES ('26', 'GO STOP MUMBAI', 'SOUTH MUMBAI', 'PRIVET STANDERD', 'AC');
INSERT INTO `home_stay_facility` (`LOCALITY_ID`, `HOME_STAY_NAME`, `LOCALITY_NAME`, `ROOM_TYPE`, `ROOM_FACILITY`) VALUES ('26', 'GO STOP MUMBAI', 'SOUTH MUMBAI', 'PRIVET DOUBLE', 'AC');
INSERT INTO `home_stay_facility` (`LOCALITY_ID`, `HOME_STAY_NAME`, `LOCALITY_NAME`, `ROOM_TYPE`, `ROOM_FACILITY`) VALUES ('27', 'AR SUITS', 'NEW KALYANI NAGAR', '1 BHK', 'AC');
INSERT INTO `home_stay_facility` (`LOCALITY_ID`, `HOME_STAY_NAME`, `LOCALITY_NAME`, `ROOM_TYPE`, `ROOM_FACILITY`) VALUES ('28', 'EMA HOMESTAY', 'BANER', 'DELUX AC ROOM', 'AC');
INSERT INTO `home_stay_facility` (`LOCALITY_ID`, `HOME_STAY_NAME`, `LOCALITY_NAME`, `ROOM_TYPE`, `ROOM_FACILITY`) VALUES ('30', 'NEW JERSEY HOUSEBOAT', 'NIGEEN LAKE', 'PREMIUM DELIGHT', 'AC');
INSERT INTO `home_stay_facility` (`LOCALITY_ID`, `HOME_STAY_NAME`, `LOCALITY_NAME`, `ROOM_TYPE`, `ROOM_FACILITY`) VALUES ('31', 'ROSE HERITAGE HOME', 'SHIVALA GHAT', 'SADHU DELUX ROOM', 'AC');
INSERT INTO `home_stay_facility` (`LOCALITY_ID`, `HOME_STAY_NAME`, `LOCALITY_NAME`, `ROOM_TYPE`, `ROOM_FACILITY`) VALUES ('31', 'ROSE HERITAGE HOME', 'SHIVALA GHAT', 'MAHARAJA DELUX ROOM', 'AC');
INSERT INTO `home_stay_facility` (`LOCALITY_ID`, `HOME_STAY_NAME`, `LOCALITY_NAME`, `ROOM_TYPE`, `ROOM_FACILITY`) VALUES ('31', 'ROSE HERITAGE HOME', 'SHIVALA GHAT', 'MAHARANI SUIT ROOM', 'AC');
INSERT INTO `home_stay_facility` (`LOCALITY_ID`, `HOME_STAY_NAME`, `LOCALITY_NAME`, `ROOM_TYPE`, `ROOM_FACILITY`) VALUES ('31', 'ROSE HERITAGE HOME', 'SHIVALA GHAT', 'PRINCES SUIT ROOM', 'AC');
INSERT INTO `home_stay_facility` (`LOCALITY_ID`, `HOME_STAY_NAME`, `LOCALITY_NAME`, `ROOM_TYPE`, `ROOM_FACILITY`) VALUES ('32', 'VILLA BENARES', 'BAGATPUR', 'DOUBLE ROOM', 'AC');
INSERT INTO `home_stay_facility` (`LOCALITY_ID`, `HOME_STAY_NAME`, `LOCALITY_NAME`, `ROOM_TYPE`, `ROOM_FACILITY`) VALUES ('32', 'VILLA BENARES', 'BAGATPUR', 'SUPERIOR KING', 'AC');
INSERT INTO `home_stay_facility` (`LOCALITY_ID`, `HOME_STAY_NAME`, `LOCALITY_NAME`, `ROOM_TYPE`, `ROOM_FACILITY`) VALUES ('32', 'VILLA BENARES', 'BAGATPUR', 'DOUBLE ROOM PARK VIEW', 'AC');
INSERT INTO `home_stay_facility` (`LOCALITY_ID`, `HOME_STAY_NAME`, `LOCALITY_NAME`, `ROOM_TYPE`, `ROOM_FACILITY`) VALUES ('32', 'VILLA BENARES', 'BAGATPUR', 'SUPERIOR VILLA', 'AC');
INSERT INTO `home_stay_facility` (`LOCALITY_ID`, `HOME_STAY_NAME`, `LOCALITY_NAME`, `ROOM_TYPE`, `ROOM_FACILITY`) VALUES ('1', 'SUNSHINE DORMITORY', 'MIRZAPUR ROAD', 'MALE DORMITORY', 'NON AC');
INSERT INTO `home_stay_facility` (`LOCALITY_ID`, `HOME_STAY_NAME`, `LOCALITY_NAME`, `ROOM_TYPE`, `ROOM_FACILITY`) VALUES ('3', 'MADPACKERS AMRITSAR', 'AMRITSAR', 'SUPERIOR 12  BED', 'NON AC');
INSERT INTO `home_stay_facility` (`LOCALITY_ID`, `HOME_STAY_NAME`, `LOCALITY_NAME`, `ROOM_TYPE`, `ROOM_FACILITY`) VALUES ('3', 'MADPACKERS AMRITSAR', 'AMRITSAR', 'STANDERD DOUBLE BED', 'NON AC');
INSERT INTO `home_stay_facility` (`LOCALITY_ID`, `HOME_STAY_NAME`, `LOCALITY_NAME`, `ROOM_TYPE`, `ROOM_FACILITY`) VALUES ('5', 'GO STOP AGRA', 'FATEHBAD ROAD', 'BED IN 8 DOORMITORY', 'NON AC');
INSERT INTO `home_stay_facility` (`LOCALITY_ID`, `HOME_STAY_NAME`, `LOCALITY_NAME`, `ROOM_TYPE`, `ROOM_FACILITY`) VALUES ('6', 'JOEY\'S HOTEL', 'AGRA', '1 IN 4 BED', 'NON AC');
INSERT INTO `home_stay_facility` (`LOCALITY_ID`, `HOME_STAY_NAME`, `LOCALITY_NAME`, `ROOM_TYPE`, `ROOM_FACILITY`) VALUES ('6', 'JOEY\'S HOTEL', 'AGRA', 'DELUX PRIVET ROOM', 'NON AC');
INSERT INTO `home_stay_facility` (`LOCALITY_ID`, `HOME_STAY_NAME`, `LOCALITY_NAME`, `ROOM_TYPE`, `ROOM_FACILITY`) VALUES ('6', 'JOEY\'S HOTEL', 'AGRA', 'SUPERIOR DOUBLE ROOM', 'NON AC');
INSERT INTO `home_stay_facility` (`LOCALITY_ID`, `HOME_STAY_NAME`, `LOCALITY_NAME`, `ROOM_TYPE`, `ROOM_FACILITY`) VALUES ('6', 'JOEY\'S HOTEL', 'AGRA', 'QUAD ROOM', 'NON AC');
INSERT INTO `home_stay_facility` (`LOCALITY_ID`, `HOME_STAY_NAME`, `LOCALITY_NAME`, `ROOM_TYPE`, `ROOM_FACILITY`) VALUES ('7', 'IXORA SUITS', 'INDIRANAGAR', 'DELUX STUDIO', 'NON AC');
INSERT INTO `home_stay_facility` (`LOCALITY_ID`, `HOME_STAY_NAME`, `LOCALITY_NAME`, `ROOM_TYPE`, `ROOM_FACILITY`) VALUES ('7', 'IXORA SUITS', 'INDIRANAGAR', 'LUXURY STUDIO', 'NON AC');
INSERT INTO `home_stay_facility` (`LOCALITY_ID`, `HOME_STAY_NAME`, `LOCALITY_NAME`, `ROOM_TYPE`, `ROOM_FACILITY`) VALUES ('7', 'IXORA SUITS', 'INDIRANAGAR', '1BHK SUITS', 'NON AC');
INSERT INTO `home_stay_facility` (`LOCALITY_ID`, `HOME_STAY_NAME`, `LOCALITY_NAME`, `ROOM_TYPE`, `ROOM_FACILITY`) VALUES ('9', 'KOLAM SERVICED APERTMENT', 'ADYAR', 'QUEEN ROOM', 'NON AC');
INSERT INTO `home_stay_facility` (`LOCALITY_ID`, `HOME_STAY_NAME`, `LOCALITY_NAME`, `ROOM_TYPE`, `ROOM_FACILITY`) VALUES ('10', 'FRIENDLYSTAY', 'KOLAPAKKAM', 'STANDARD BUDJET ROOM', 'NON AC');
INSERT INTO `home_stay_facility` (`LOCALITY_ID`, `HOME_STAY_NAME`, `LOCALITY_NAME`, `ROOM_TYPE`, `ROOM_FACILITY`) VALUES ('15', 'AADORONI CENTRAL HOMESTAY', 'SREE NAGAR', 'DELUXE ROOM', 'NON AC');
INSERT INTO `home_stay_facility` (`LOCALITY_ID`, `HOME_STAY_NAME`, `LOCALITY_NAME`, `ROOM_TYPE`, `ROOM_FACILITY`) VALUES ('15', 'AADORONI CENTRAL HOMESTAY', 'SREE NAGAR', 'SUPER DELUXE ROOM', 'NON AC');
INSERT INTO `home_stay_facility` (`LOCALITY_ID`, `HOME_STAY_NAME`, `LOCALITY_NAME`, `ROOM_TYPE`, `ROOM_FACILITY`) VALUES ('18', 'SWAN SUITS', 'GACHIBOWLI', 'PREMIUM ROOM', 'NON AC');
INSERT INTO `home_stay_facility` (`LOCALITY_ID`, `HOME_STAY_NAME`, `LOCALITY_NAME`, `ROOM_TYPE`, `ROOM_FACILITY`) VALUES ('20', 'ZOSTEL JAIPUR', 'PINK CITY', 'MIXED DROM 1 IN 4', 'NON AC');
INSERT INTO `home_stay_facility` (`LOCALITY_ID`, `HOME_STAY_NAME`, `LOCALITY_NAME`, `ROOM_TYPE`, `ROOM_FACILITY`) VALUES ('20', 'ZOSTEL JAIPUR', 'PINK CITY', 'MIXED DROM 1 IN 6', 'NON AC');
INSERT INTO `home_stay_facility` (`LOCALITY_ID`, `HOME_STAY_NAME`, `LOCALITY_NAME`, `ROOM_TYPE`, `ROOM_FACILITY`) VALUES ('20', 'ZOSTEL JAIPUR', 'PINK CITY', 'DELUX PRIVET ROOM', 'NON AC');
INSERT INTO `home_stay_facility` (`LOCALITY_ID`, `HOME_STAY_NAME`, `LOCALITY_NAME`, `ROOM_TYPE`, `ROOM_FACILITY`) VALUES ('21', 'WINDSOR SUITS', 'ESPLANED', 'DELUX ROOM', 'NON AC');
INSERT INTO `home_stay_facility` (`LOCALITY_ID`, `HOME_STAY_NAME`, `LOCALITY_NAME`, `ROOM_TYPE`, `ROOM_FACILITY`) VALUES ('29', 'HOUSE SWITZERLAND', 'DAL LAKE', 'BUDJET ROOM', 'NON AC');
INSERT INTO `home_stay_facility` (`LOCALITY_ID`, `HOME_STAY_NAME`, `LOCALITY_NAME`, `ROOM_TYPE`, `ROOM_FACILITY`) VALUES ('29', 'HOUSE SWITZERLAND', 'DAL LAKE', 'DELUX ROOM', 'NON AC');
INSERT INTO `home_stay_facility` (`LOCALITY_ID`, `HOME_STAY_NAME`, `LOCALITY_NAME`, `ROOM_TYPE`, `ROOM_FACILITY`) VALUES ('29', 'HOUSE SWITZERLAND', 'DAL LAKE', 'SHOTSSTAY ROOM', 'NON AC');

use mysqlproject;
INSERT INTO `home_stay_address` (`LOCALITY_ID`, `HOME_STAY_NAME`, `CITY_NAME`, `LOCALITY_NAME`, `LANDMARK`) VALUES ('1', 'SUNSHINE DORMITORY', 'AHEMDABAD', 'MIRZAPUR ROAD', 'TEEN DARWAZA');
INSERT INTO `home_stay_address` (`LOCALITY_ID`, `HOME_STAY_NAME`, `CITY_NAME`, `LOCALITY_NAME`, `LANDMARK`) VALUES ('2', 'HAPPY HOMES', 'AHEMDABAD', 'SHERKOTDA', 'NEAR SABARMATI ASHRAM');
INSERT INTO `home_stay_address` (`LOCALITY_ID`, `HOME_STAY_NAME`, `CITY_NAME`, `LOCALITY_NAME`, `LANDMARK`) VALUES ('3', 'MADPACKERS AMRITSAR', 'AMRITSAR', 'AMRITSAR', 'NEAR GOLDEN TEMPLE');
INSERT INTO `home_stay_address` (`LOCALITY_ID`, `HOME_STAY_NAME`, `CITY_NAME`, `LOCALITY_NAME`, `LANDMARK`) VALUES ('4', 'SHINE STAR', 'AMRITSAR', 'AMRITSAR', 'NEAR GOLDEN TEMPLE');
INSERT INTO `home_stay_address` (`LOCALITY_ID`, `HOME_STAY_NAME`, `CITY_NAME`, `LOCALITY_NAME`, `LANDMARK`) VALUES ('5', 'GO STOP AGRA', 'AGRA', 'FATEHBAD ROAD', 'NEAR TAJMAHAL');
INSERT INTO `home_stay_address` (`LOCALITY_ID`, `HOME_STAY_NAME`, `CITY_NAME`, `LOCALITY_NAME`, `LANDMARK`) VALUES ('6', 'JOEY\'S HOTEL', 'AGRA', 'AGRA', 'NEAR TAJMAHAL');
INSERT INTO `home_stay_address` (`LOCALITY_ID`, `HOME_STAY_NAME`, `CITY_NAME`, `LOCALITY_NAME`, `LANDMARK`) VALUES ('7', 'IXORA SUITS', 'BENGALURU', 'INDIRANAGAR', 'NEAR ULSOOR LAKE');
INSERT INTO `home_stay_address` (`LOCALITY_ID`, `HOME_STAY_NAME`, `CITY_NAME`, `LOCALITY_NAME`, `LANDMARK`) VALUES ('8', 'KADACKAL FARMHOUSE', 'BENGALURU', 'BYLAKERE', 'BENGALURU PALACE');
INSERT INTO `home_stay_address` (`LOCALITY_ID`, `HOME_STAY_NAME`, `CITY_NAME`, `LOCALITY_NAME`, `LANDMARK`) VALUES ('9', 'KOLAM SERVICED APERTMENT', 'CHENNAI', 'ADYAR', 'MARINA BEACH');
INSERT INTO `home_stay_address` (`LOCALITY_ID`, `HOME_STAY_NAME`, `CITY_NAME`, `LOCALITY_NAME`, `LANDMARK`) VALUES ('10', 'FRIENDLYSTAY', 'CHENNAI', 'KOLAPAKKAM', 'CHENNAI AIRPORT');
INSERT INTO `home_stay_address` (`LOCALITY_ID`, `HOME_STAY_NAME`, `CITY_NAME`, `LOCALITY_NAME`, `LANDMARK`) VALUES ('11', 'GOLDEN PALM SUITS', 'NEW DELHI', 'SECTOR 12 DWARKA', 'T1 NEW DELHI AIRPORT');
INSERT INTO `home_stay_address` (`LOCALITY_ID`, `HOME_STAY_NAME`, `CITY_NAME`, `LOCALITY_NAME`, `LANDMARK`) VALUES ('12', 'COMFORT POINT', 'NEW DELHI', 'SAFDARJUNG ENCLAVE', 'DILLI HAAT');
INSERT INTO `home_stay_address` (`LOCALITY_ID`, `HOME_STAY_NAME`, `CITY_NAME`, `LOCALITY_NAME`, `LANDMARK`) VALUES ('13', 'MAJESTIC ECO COMFORT', 'GOA', 'VARCA', 'COLVA BEACH');
INSERT INTO `home_stay_address` (`LOCALITY_ID`, `HOME_STAY_NAME`, `CITY_NAME`, `LOCALITY_NAME`, `LANDMARK`) VALUES ('14', 'AT HOME B&B DONAPAULA', 'GOA', 'PANJIM', 'CAJNGES CAFÉ');
INSERT INTO `home_stay_address` (`LOCALITY_ID`, `HOME_STAY_NAME`, `CITY_NAME`, `LOCALITY_NAME`, `LANDMARK`) VALUES ('15', 'AADORONI CENTRAL HOMESTAY', 'GUWAHATI', 'SREE NAGAR', 'ASSAM STATE ZOO');
INSERT INTO `home_stay_address` (`LOCALITY_ID`, `HOME_STAY_NAME`, `CITY_NAME`, `LOCALITY_NAME`, `LANDMARK`) VALUES ('16', 'TRANQVILLE', 'GUWAHATI', 'AMBIKAGIRINAGAR', 'ASSAM STATE ZOO');
INSERT INTO `home_stay_address` (`LOCALITY_ID`, `HOME_STAY_NAME`, `CITY_NAME`, `LOCALITY_NAME`, `LANDMARK`) VALUES ('17', 'OAKWOOD RESIDENCE', 'HYDERABAD', 'NANAKRAM', 'GOLCONDA FORT');
INSERT INTO `home_stay_address` (`LOCALITY_ID`, `HOME_STAY_NAME`, `CITY_NAME`, `LOCALITY_NAME`, `LANDMARK`) VALUES ('18', 'SWAN SUITS', 'HYDERABAD', 'GACHIBOWLI', 'GOLCONDA FORT');
INSERT INTO `home_stay_address` (`LOCALITY_ID`, `HOME_STAY_NAME`, `CITY_NAME`, `LOCALITY_NAME`, `LANDMARK`) VALUES ('19', 'JAIPUR BUNGLOW', 'JAIPUR', 'SHYAM NAGAR', 'CITY PALACE JAIPUR');
INSERT INTO `home_stay_address` (`LOCALITY_ID`, `HOME_STAY_NAME`, `CITY_NAME`, `LOCALITY_NAME`, `LANDMARK`) VALUES ('20', 'ZOSTEL JAIPUR', 'JAIPUR', 'PINK CITY', 'JANTAR MANTAR');
INSERT INTO `home_stay_address` (`LOCALITY_ID`, `HOME_STAY_NAME`, `CITY_NAME`, `LOCALITY_NAME`, `LANDMARK`) VALUES ('21', 'WINDSOR SUITS', 'KOLKATA', 'ESPLANED', 'NEW MARKET AREA');
INSERT INTO `home_stay_address` (`LOCALITY_ID`, `HOME_STAY_NAME`, `CITY_NAME`, `LOCALITY_NAME`, `LANDMARK`) VALUES ('22', 'KOLLOLINI KOLKATA', 'KOLKATA', 'EAST KOLKATA TOWNSHIP', 'ACROPOLICE MALL');
INSERT INTO `home_stay_address` (`LOCALITY_ID`, `HOME_STAY_NAME`, `CITY_NAME`, `LOCALITY_NAME`, `LANDMARK`) VALUES ('23', 'CORAL SHELTERS', 'MADURAI', 'KODIKULAM', 'MATTUTHAVANI BUS TERMINUS');
INSERT INTO `home_stay_address` (`LOCALITY_ID`, `HOME_STAY_NAME`, `CITY_NAME`, `LOCALITY_NAME`, `LANDMARK`) VALUES ('24', 'DREAMY PINEWOOD VILLA', 'MADURAI', 'VENKATACHALAPATHY NAGAR', 'MEENAKSHI AMMAN TEMPLE');
INSERT INTO `home_stay_address` (`LOCALITY_ID`, `HOME_STAY_NAME`, `CITY_NAME`, `LOCALITY_NAME`, `LANDMARK`) VALUES ('25', 'LAKESITE CHALET MARRIOT', 'MUMBAI', 'PAWOI', 'T2 CHHATRAPATI SHIVAJI INTERNATIONAL AIRPORT');
INSERT INTO `home_stay_address` (`LOCALITY_ID`, `HOME_STAY_NAME`, `CITY_NAME`, `LOCALITY_NAME`, `LANDMARK`) VALUES ('26', 'GO STOP MUMBAI', 'MUMBAI', 'SOUTH MUMBAI', 'GATE WAY OF INDIA');
INSERT INTO `home_stay_address` (`LOCALITY_ID`, `HOME_STAY_NAME`, `CITY_NAME`, `LOCALITY_NAME`, `LANDMARK`) VALUES ('27', 'AR SUITS', 'PUNE', 'NEW KALYANI NAGAR', 'PUNE INTERNATIONAL AIRPORT');
INSERT INTO `home_stay_address` (`LOCALITY_ID`, `HOME_STAY_NAME`, `CITY_NAME`, `LOCALITY_NAME`, `LANDMARK`) VALUES ('28', 'EMA HOMESTAY', 'PUNE', 'BANER', 'SHANIWAR WADA');
INSERT INTO `home_stay_address` (`LOCALITY_ID`, `HOME_STAY_NAME`, `CITY_NAME`, `LOCALITY_NAME`, `LANDMARK`) VALUES ('29', 'HOUSE SWITZERLAND', 'SRINAGAR', 'DAL LAKE', 'TRC_BUS_STATION');
INSERT INTO `home_stay_address` (`LOCALITY_ID`, `HOME_STAY_NAME`, `CITY_NAME`, `LOCALITY_NAME`, `LANDMARK`) VALUES ('30', 'NEW JERSEY HOUSEBOAT', 'SRINAGAR', 'NIGEEN LAKE', 'NEAR NAGIN LAKE');
INSERT INTO `home_stay_address` (`LOCALITY_ID`, `HOME_STAY_NAME`, `CITY_NAME`, `LOCALITY_NAME`, `LANDMARK`) VALUES ('31', 'ROSE HERITAGE HOME', 'VARANASI', 'SHIVALA GHAT', 'ASSI GHAT');
INSERT INTO `home_stay_address` (`LOCALITY_ID`, `HOME_STAY_NAME`, `CITY_NAME`, `LOCALITY_NAME`, `LANDMARK`) VALUES ('32', 'VILLA BENARES', 'VARANASI', 'BAGATPUR', 'KASHI VISWANAT TEMPLE');

use  mysqlproject;
INSERT INTO `home_stay_check_in` (`LOCALITY_ID`, `HOME_STAY_NAME`, `CITY_NAME`, `CHECK_IN_DATE`, `CHECK_IN_TIME`, `CHECK_OUT_TIME`) VALUES ('1', 'SUNSHINE DORMITORY', 'AHEMDABAD', '2022-02-24', '0:05:00', '12:00:00');
INSERT INTO `home_stay_check_in` (`LOCALITY_ID`, `HOME_STAY_NAME`, `CITY_NAME`, `CHECK_IN_DATE`, `CHECK_IN_TIME`, `CHECK_OUT_TIME`) VALUES ('2', 'HAPPY HOMES', 'AHEMDABAD', '2022-02-24', '12:00:00', '14:00:00');
INSERT INTO `home_stay_check_in` (`LOCALITY_ID`, `HOME_STAY_NAME`, `CITY_NAME`, `CHECK_IN_DATE`, `CHECK_IN_TIME`, `CHECK_OUT_TIME`) VALUES ('3', 'MADPACKERS AMRITSAR', 'AMRITSAR', '2022-02-24', '12:00:00', '14:00:00');
INSERT INTO `home_stay_check_in` (`LOCALITY_ID`, `HOME_STAY_NAME`, `CITY_NAME`, `CHECK_IN_DATE`, `CHECK_IN_TIME`, `CHECK_OUT_TIME`) VALUES ('4', 'SHINE STAR', 'AMRITSAR', '2022-02-24', '11:00:00', '12:00:00');
INSERT INTO `home_stay_check_in` (`LOCALITY_ID`, `HOME_STAY_NAME`, `CITY_NAME`, `CHECK_IN_DATE`, `CHECK_IN_TIME`, `CHECK_OUT_TIME`) VALUES ('5', 'GO STOP AGRA', 'AGRA', '2022-02-24', '10:00:00', '13:00:00');
INSERT INTO `home_stay_check_in` (`LOCALITY_ID`, `HOME_STAY_NAME`, `CITY_NAME`, `CHECK_IN_DATE`, `CHECK_IN_TIME`, `CHECK_OUT_TIME`) VALUES ('6', 'JOEY\'S HOTEL', 'AGRA', '2022-02-24', '11:00:00', '13:00:00');
INSERT INTO `home_stay_check_in` (`LOCALITY_ID`, `HOME_STAY_NAME`, `CITY_NAME`, `CHECK_IN_DATE`, `CHECK_IN_TIME`, `CHECK_OUT_TIME`) VALUES ('7', 'IXORA SUITS', 'BENGALURU', '2022-02-24', '11:00:00', '12:00:00');
INSERT INTO `home_stay_check_in` (`LOCALITY_ID`, `HOME_STAY_NAME`, `CITY_NAME`, `CHECK_IN_DATE`, `CHECK_IN_TIME`, `CHECK_OUT_TIME`) VALUES ('8', 'KADACKAL FARMHOUSE', 'BENGALURU', '2022-02-24', '12:00:00', '14:00:00');
INSERT INTO `home_stay_check_in` (`LOCALITY_ID`, `HOME_STAY_NAME`, `CITY_NAME`, `CHECK_IN_DATE`, `CHECK_IN_TIME`, `CHECK_OUT_TIME`) VALUES ('9', 'KOLAM SERVICED APERTMENT', 'CHENNAI', '2022-02-24', '11:00:00', '12:00:00');
INSERT INTO `home_stay_check_in` (`LOCALITY_ID`, `HOME_STAY_NAME`, `CITY_NAME`, `CHECK_IN_DATE`, `CHECK_IN_TIME`, `CHECK_OUT_TIME`) VALUES ('10', 'FRIENDLYSTAY', 'CHENNAI', '2022-02-24', '11:00:00', '12:00:00');
INSERT INTO `home_stay_check_in` (`LOCALITY_ID`, `HOME_STAY_NAME`, `CITY_NAME`, `CHECK_IN_DATE`, `CHECK_IN_TIME`, `CHECK_OUT_TIME`) VALUES ('11', 'GOLDEN PALM SUITS', 'NEW DELHI', '2022-02-24', '11:00:00', '13:00:00');
INSERT INTO `home_stay_check_in` (`LOCALITY_ID`, `HOME_STAY_NAME`, `CITY_NAME`, `CHECK_IN_DATE`, `CHECK_IN_TIME`, `CHECK_OUT_TIME`) VALUES ('12', 'COMFORT POINT', 'NEW DELHI', '2022-02-24', '11:30:00', '13:00:00');
INSERT INTO `home_stay_check_in` (`LOCALITY_ID`, `HOME_STAY_NAME`, `CITY_NAME`, `CHECK_IN_DATE`, `CHECK_IN_TIME`, `CHECK_OUT_TIME`) VALUES ('13', 'MAJESTIC ECO COMFORT', 'GOA', '2022-02-24', '11:00:00', '12:00:00');
INSERT INTO `home_stay_check_in` (`LOCALITY_ID`, `HOME_STAY_NAME`, `CITY_NAME`, `CHECK_IN_DATE`, `CHECK_IN_TIME`, `CHECK_OUT_TIME`) VALUES ('14', 'AT HOME B&B DONAPAULA', 'GOA', '2022-02-24', '11:00:00', '13:00:00');
INSERT INTO `home_stay_check_in` (`LOCALITY_ID`, `HOME_STAY_NAME`, `CITY_NAME`, `CHECK_IN_DATE`, `CHECK_IN_TIME`, `CHECK_OUT_TIME`) VALUES ('15', 'AADORONI CENTRAL HOMESTAY', 'GUWAHATI', '2022-02-24', '11:00:00', '12:00:00');
INSERT INTO `home_stay_check_in` (`LOCALITY_ID`, `HOME_STAY_NAME`, `CITY_NAME`, `CHECK_IN_DATE`, `CHECK_IN_TIME`, `CHECK_OUT_TIME`) VALUES ('16', 'TRANQVILLE', 'GUWAHATI', '2022-02-24', '11:00:00', '12:00:00');
INSERT INTO `home_stay_check_in` (`LOCALITY_ID`, `HOME_STAY_NAME`, `CITY_NAME`, `CHECK_IN_DATE`, `CHECK_IN_TIME`, `CHECK_OUT_TIME`) VALUES ('17', 'OAKWOOD RESIDENCE', 'HYDERABAD', '2022-02-24', '12:00:00', '14:00:00');
INSERT INTO `home_stay_check_in` (`LOCALITY_ID`, `HOME_STAY_NAME`, `CITY_NAME`, `CHECK_IN_DATE`, `CHECK_IN_TIME`, `CHECK_OUT_TIME`) VALUES ('18', 'SWAN SUITS', 'HYDERABAD', '2022-02-24', '12:00:00', '12:00:00');
INSERT INTO `home_stay_check_in` (`LOCALITY_ID`, `HOME_STAY_NAME`, `CITY_NAME`, `CHECK_IN_DATE`, `CHECK_IN_TIME`, `CHECK_OUT_TIME`) VALUES ('19', 'JAIPUR BUNGLOW', 'JAIPUR', '2022-02-24', '11:00:00', '13:00:00');
INSERT INTO `home_stay_check_in` (`LOCALITY_ID`, `HOME_STAY_NAME`, `CITY_NAME`, `CHECK_IN_DATE`, `CHECK_IN_TIME`, `CHECK_OUT_TIME`) VALUES ('20', 'ZOSTEL JAIPUR', 'JAIPUR', '2022-02-24', '10:00:00', '12:00:00');
INSERT INTO `home_stay_check_in` (`LOCALITY_ID`, `HOME_STAY_NAME`, `CITY_NAME`, `CHECK_IN_DATE`, `CHECK_IN_TIME`, `CHECK_OUT_TIME`) VALUES ('21', 'WINDSOR SUITS', 'KOLKATA', '2022-02-24', '11:00:00', '13:00:00');
INSERT INTO `home_stay_check_in` (`LOCALITY_ID`, `HOME_STAY_NAME`, `CITY_NAME`, `CHECK_IN_DATE`, `CHECK_IN_TIME`, `CHECK_OUT_TIME`) VALUES ('22', 'KOLLOLINI KOLKATA', 'KOLKATA', '2022-02-24', '11:00:00', '12:00:00');
INSERT INTO `home_stay_check_in` (`LOCALITY_ID`, `HOME_STAY_NAME`, `CITY_NAME`, `CHECK_IN_DATE`, `CHECK_IN_TIME`, `CHECK_OUT_TIME`) VALUES ('23', 'CORAL SHELTERS', 'MADURAI', '2022-02-24', '11:00:00', '12:00:00');
INSERT INTO `home_stay_check_in` (`LOCALITY_ID`, `HOME_STAY_NAME`, `CITY_NAME`, `CHECK_IN_DATE`, `CHECK_IN_TIME`, `CHECK_OUT_TIME`) VALUES ('24', 'DREAMY PINEWOOD VILLA', 'MADURAI', '2022-02-24', '12:00:00', '14:00:00');
INSERT INTO `home_stay_check_in` (`LOCALITY_ID`, `HOME_STAY_NAME`, `CITY_NAME`, `CHECK_IN_DATE`, `CHECK_IN_TIME`, `CHECK_OUT_TIME`) VALUES ('25', 'LAKESITE CHALET MARRIOT', 'MUMBAI', '2022-02-24', '12:00:00', '15:00:00');
INSERT INTO `home_stay_check_in` (`LOCALITY_ID`, `HOME_STAY_NAME`, `CITY_NAME`, `CHECK_IN_DATE`, `CHECK_IN_TIME`, `CHECK_OUT_TIME`) VALUES ('26', 'GO STOP MUMBAI', 'MUMBAI', '2022-02-24', '10:00:00', '13:00:00');
INSERT INTO `home_stay_check_in` (`LOCALITY_ID`, `HOME_STAY_NAME`, `CITY_NAME`, `CHECK_IN_DATE`, `CHECK_IN_TIME`, `CHECK_OUT_TIME`) VALUES ('27', 'AR SUITS', 'PUNE', '2022-02-24', '11:00:00', '12:00:00');
INSERT INTO `home_stay_check_in` (`LOCALITY_ID`, `HOME_STAY_NAME`, `CITY_NAME`, `CHECK_IN_DATE`, `CHECK_IN_TIME`, `CHECK_OUT_TIME`) VALUES ('28', 'EMA HOMESTAY', 'PUNE', '2022-02-24', '11:00:00', '12:00:00');
INSERT INTO `home_stay_check_in` (`LOCALITY_ID`, `HOME_STAY_NAME`, `CITY_NAME`, `CHECK_IN_DATE`, `CHECK_IN_TIME`, `CHECK_OUT_TIME`) VALUES ('29', 'HOUSE SWITZERLAND', 'SRINAGAR', '2022-02-24', '12:00:00', '12:00:00');
INSERT INTO `home_stay_check_in` (`LOCALITY_ID`, `HOME_STAY_NAME`, `CITY_NAME`, `CHECK_IN_DATE`, `CHECK_IN_TIME`, `CHECK_OUT_TIME`) VALUES ('30', 'NEW JERSEY HOUSEBOAT', 'SRINAGAR', '2022-02-24', '10:45:00', '10:45:00');
INSERT INTO `home_stay_check_in` (`LOCALITY_ID`, `HOME_STAY_NAME`, `CITY_NAME`, `CHECK_IN_DATE`, `CHECK_IN_TIME`, `CHECK_OUT_TIME`) VALUES ('31', 'ROSE HERITAGE HOME', 'VARANASI', '2022-02-24', '11:00:00', '14:00:00');
INSERT INTO `home_stay_check_in` (`LOCALITY_ID`, `HOME_STAY_NAME`, `CITY_NAME`, `CHECK_IN_DATE`, `CHECK_IN_TIME`, `CHECK_OUT_TIME`) VALUES ('32', 'VILLA BENARES', 'VARANASI', '2022-02-24', '10:00:00', '12:00:00');
